videoname,TSV,B,SR,S,U,O
1-4.mp4,2.5644,1.8566,2.45,1.9687,2.9056,4.1097
1-9.mp4,1.364,0.423,1.0583,0.75376,0.87774,1.7056
1-11.mp4,0.85,1.6565,1.215,0.63881,1.256,2.6524
1-12.mp4,2.2016,2.0323,1.9054,2.207,2.5443,3.91
1-13.mp4,0.85,1.2356,0.654,0.13139,0.6565,1.2056
1-14.mp4,0.9235,1.3311,1.356,1.0388,0.92656,1.846
1-15.mp4,0.96917,1.4565,0.85545,0.8254,1.4656,2.56
1-16.mp4,1.345,1.856,1.6545,1.3003,1.032,2.3605
1-17.mp4,0.45,1.4656,1.3545,0.36405,0.565,1.34
1-18.mp4,0.9454,1.5686,0.895,0.74001,1.3656,2.456
1-19.mp4,0.44623,1.506,1.452,0.33091,0.24448,1.4162
1-22.mp4,0.60707,1.7066,1.6,0,0.256,1.4056
1-23.mp4,0.95,1.565,1.5684,0.40128,1.456,1.6649
2-1.mp4,1.9321,2.8565,2.452,1.8637,2.406,3.6081
2-4.mp4,1.2,1.356,0.9654,0.76918,1.76,2.789
2-6.mp4,2.2013,2.9656,2.454,2.2774,2.785,4.8569
2-8.mp4,2.3221,2.7565,1.8565,1.9784,2.2769,4.0711
2-9.mp4,1.6827,1.7565,1.5523,1.839,2.4265,3.7563
2-10.mp4,1.4,1.6566,1.3648,0.68874,1.4057,2.956
2-11.mp4,1.8624,1.0232,1.4722,1.1914,1.7056,2.656
2-14.mp4,1.6014,1.5247,1.155,0.80164,1.6273,3.056
2-16.mp4,2.4397,2.7656,1.7054,1.7962,1.765,3.3211
2-17.mp4,2.5679,1.8656,1.8565,2.0574,2.25,3.9896
2-18.mp4,2.371,2.856,1.8545,2.2243,2.5473,4.3313
2-19.mp4,0.8,1.032,0.85,0.78496,0.8565,1.6056
2-20.mp4,1.3545,1.359,1.1565,0.77432,1.4549,2.2713
2-21.mp4,0.72094,1.1232,0.88521,0.4249,0.756,1.3883
2-22.mp4,1.654,1.6138,0.21545,0.54876,1.1618,2.565
2-23.mp4,1.354,1.3565,0.7556,0.80676,0.7565,2.023
2-24.mp4,0.75,1.7865,0.099618,0,0.14586,1.25
2-25.mp4,0.4,1.856,0.26355,0.1005,0.13032,1.256
2-26.mp4,0.1,1.756,1.2,0.057121,0.23,1.3456
3-3.mp4,1.8027,1.2323,1.604,1.5548,2.356,3.4568
3-4.mp4,2.1695,1.8565,0.6562,2.2333,2.0758,3.0801
3-7.mp4,2.1547,0.685,1.234,0.9292,0.8456,2.5177
3-8.mp4,1.9131,0.8565,0.654,1.1968,1.4572,2.898
3-9.mp4,2.5859,0.556,0.6546,1.9325,1.5928,3.2051
3-11.mp4,0.9,1.5223,0.41358,0.60811,0.71136,1.605
3-12.mp4,0.8,0.7565,0.541,0.55618,1.3565,1.3646
3-13.mp4,0.93514,1.345,0.62018,0.50955,0.54709,1.8
3-14.mp4,2.2449,1.988,1.4266,2.0913,1.768,3.8343
3-15.mp4,2.2833,1.9003,1.8056,1.9317,1.7889,3.9374
3-19.mp4,0.8,1.456,0.7656,0.11648,0.6656,1.5621
3-20.mp4,0.2,0.9895,0.3,0.074755,0,1.1832
3-21.mp4,0.85,0.86271,0.67723,0.30451,0.3,1.265
3-22.mp4,0.85,1.523,0.54791,0.22871,1.3265,1.7812
3-23.mp4,0.75,1.026,0.54,0.34363,0.40656,1.3
3-25.mp4,0,1.2656,1,0.084507,0,1.0277
3-26.mp4,0.85,0.8656,0.6544,0.51334,0.235,1.344
3-27.mp4,0.85,0.6565,1.2353,0.17284,0.656,1.365
3-28.mp4,0.7,1.7565,0.35,0.1161,0,1.2619
4-1.mp4,2.0698,1.8163,2.7545,1.7863,2.456,3.7101
4-6.mp4,1.7502,0.4232,1.9065,1.7259,1.6057,2.7763
4-7.mp4,1.9684,2.856,1.9156,1.9841,2.3572,4.68
4-8.mp4,1.6597,1.565,2.0656,1.2159,1.5685,2.8906
4-9.mp4,1.654,1.8565,1.2689,1.2916,2.356,2.8344
4-12.mp4,2.3827,2.865,2.2944,2.7323,2.5313,4.6
4-14.mp4,2.3159,2.9666,2.2976,2.7142,2.6689,4.898
4-15.mp4,0.8,0.8989,1.0248,1.3435,1.6565,2.235
4-16.mp4,0.9,0.845,1.021,1.0105,1.7565,2.5656
4-17.mp4,0.95,1.665,0.98962,1.3928,1.3565,2.7565
4-22.mp4,2.7458,2.5656,2.8774,2.6699,2.8,4.6594
4-23.mp4,2.8952,2.4589,2.2783,2.6869,2.7921,4.6428
4-27.mp4,2.3994,1.8454,1.874,2.0774,1.8056,4.2755
4-30.mp4,2.4231,2.1883,1.706,2.2257,2.0295,4.1462
4-31.mp4,1.3224,1.1851,1.3728,1.0823,1.45,2.989
4-32.mp4,1.7361,1.2119,1.452,1.338,1.4235,2.68
4-35.mp4,1,0.232,0.52336,0.51022,1.3656,2.1897
4-37.mp4,1.4888,1.4565,1.5646,1.0917,1.4056,2.7449
4-38.mp4,1.3358,1.3656,1.0544,1.0309,0.656,1.686
4-39.mp4,2.029,0.3265,1.7026,2.2131,1.8256,3.2641
4-40.mp4,0.2,1.354,1.35,0.10024,0.123,1.256
4-41.mp4,1.5763,1.656,1.46,1.2633,1.4693,3.126
4-42.mp4,0.75,0.5623,1.421,0.90795,0.9565,1.3156
4-43.mp4,0.25,1.4565,0.95,0.046955,0.3565,1.256
4-44.mp4,0.9,1.065,0.9545,0.89143,1.3265,1.7
4-45.mp4,1.4272,0.656,1.1959,1.1804,1.165,2.0989
5-2.mp4,0.98767,1.56,0.90283,0.66002,1.0989,2.2604
5-7.mp4,1.064,1.5567,1.124,0.70239,0.8656,2.345
5-8.mp4,0.9,0.32326,0.6545,0.36303,0.356,1.123
5-9.mp4,0.4,0.75656,1.5656,0.59027,0.456,1.3
5-10.mp4,0.3,1.6545,1.8,0.84185,0.5232,1.4706
5-13.mp4,1.1543,0.4545,1.159,0.77376,0.7565,2.2704
5-14.mp4,0.78,0.3646,1.1515,0.2791,0.35741,1.56
5-15.mp4,0.85,1.4565,0.722,0.24106,0.756,1.35
5-16.mp4,1.0484,0.85656,0.564,0.62363,1.0232,1.8056
5-17.mp4,0.49986,1.235,0.74646,0.33399,0.7565,1.5235
5-20.mp4,0.4,1.356,1.1515,0.26965,0.2353,1.2277
5-21.mp4,0.65,1.365,1.342,0.9523,0.856,1.4
5-22.mp4,0.85,0.51724,1.1545,0.32476,0.9565,1.6021
5-23.mp4,0.75,0.62255,0.4512,0.23965,0.856,1.235
5-24.mp4,0.68,1.756,1,0.13813,0.8656,1.4829
6-2.mp4,1.9067,0.4232,2.6565,1.5894,1.684,3.2745
6-6.mp4,2.3887,1.7565,1.7065,2.2156,2.444,3.811
6-7.mp4,1.3,0.9232,0.659,0.68072,1.226,2.1466
6-16.mp4,1.8134,0.6856,0.455,1.0179,0.96981,2.1419
6-17.mp4,1.637,0.3265,0.452,1.0303,1.3658,2.356
6-18.mp4,2.1819,0.3565,0.845,2.1257,1.6056,3.8952
6-19.mp4,0.75,0.765,1.264,0.13366,0.556,1.256
6-20.mp4,2.2176,1.7565,1.1066,1.4609,1.7056,3.5635
6-21.mp4,0.96039,0.3265,1.0308,0.6437,0.989,2.065
6-22.mp4,1.2656,0.856,0.44087,0.26061,0.865,1.3265
6-23.mp4,1.1886,0.7895,0.54268,0.85126,1.4565,2.3783
6-26.mp4,1.4215,1.0356,0.752,1.064,1.3027,2.3466
6-27.mp4,1.2656,0.865,1.5266,1.2739,1.4656,2.0247
6-28.mp4,2.0784,1.4232,1.6455,2.1747,1.9056,3.6479
6-29.mp4,2.0963,1.2232,1.4256,2.091,2.2423,3.4998
6-31.mp4,0.8,1.5565,0.71238,0.96739,0.356,1.4026
6-32.mp4,1.3863,0.8959,0.232,0.41295,0.8565,1.56
6-33.mp4,0.8,1.8454,0.93736,0.16271,0.24849,1.3856
6-34.mp4,0.75,1.5656,0.16234,0.35975,0.12,1.3056
6-35.mp4,0.7,1.5232,0.35723,0.50883,0.7565,1.4826
6-20_1.mp4,0.8,0.3656,0.99892,0.70946,0.96238,2.048
7-1.mp4,1.9296,2.556,1.8757,1.9466,2.0624,3.8107
7-2.mp4,1.3068,1.42,1.5336,1.2996,1.4056,2.845
7-8.mp4,2.0212,1.0656,1.8612,1.5016,1.402,2.789
7-10.mp4,1.8577,1.0656,1.3646,1.5104,1.656,3.05
7-12.mp4,0.85,1.5656,0.6874,0.12391,0.6856,1.4
7-13.mp4,1.9243,2.032,1.84,1.9056,1.768,3.2176
7-14.mp4,1.452,0.346,1.2656,1.2061,1.205,2.8325
7-15.mp4,1.7745,2.556,1.8956,1.3784,1.856,3.4373
7-16.mp4,0.95,0.7565,0.752,0.37184,1.2556,1.456
7-17.mp4,1.3564,1.413,0.7545,0.96151,0.845,2.256
7-21.mp4,0.35,1.235,0.10882,0.014874,0.123,1.0233
7-22.mp4,0.45,1.7556,0.85,0,0.095353,1.356
7-23.mp4,0.1627,1.706,1.1374,0.21096,0.3565,1.4056
8-2.mp4,1.4761,1.746,1.6565,1.4445,1.3265,3.0861
8-3.mp4,1.8098,2.1232,1.3332,1.2697,1.5056,3.123
8-5.mp4,0.63529,1.5656,0.751,0.30588,0.4565,1.136
8-6.mp4,0.75,1.7232,0.89826,0.91945,1.0265,1.7828
8-7.mp4,1.452,1.8744,1.6599,1.3082,1.4232,2.0256
8-8.mp4,0.8,1.023,1.1215,0.14768,0.456,1.8427
8-9.mp4,0.2,1.8565,0.2,0.24505,0.1232,1.25
8-12.mp4,0.4,1.7656,0.65,0.084299,0.3656,1.2
8-13.mp4,0.65,0.843,0.3454,0.17958,0.32356,1.133
8-14.mp4,1.5745,0.899,0.452,0.83866,0.656,1.7056
8-15.mp4,1.7854,0.7656,1.3246,1.2536,1.3056,2.6876
8-18.mp4,0.85,1.06,1.1215,0.78647,0.756,1.456
8-19.mp4,2.1687,0.7565,1.565,1.8839,1.76,3.6042
8-20.mp4,2.0229,1.0266,0.9865,2.0448,1.897,3.7391
8-22.mp4,0.6,0.9056,0.654,0.18272,0.658,1.256
8-23.mp4,0.15981,1.5232,0.34079,0.18222,0.2356,1.123
8-28.mp4,1.4545,1.4581,1.5989,1.1877,1.8566,2.656
8-29.mp4,0.75,0.456,0.57632,0.61302,0.69753,1.32
8-30.mp4,0.9,1.4232,1.564,0.45369,1.265,2.2137
8-32.mp4,0.85,0.75088,0.1212,0.13314,0.7565,1.234
8-5_1.mp4,1.6003,1.032,0.2654,0.63645,0.756,1.7093
9-1.mp4,1.6714,1.1236,1.1265,1.2289,1.4056,2.456
9-3.mp4,0.85,1.456,0.25,0.11733,1.2945,1.3989
9-6.mp4,1.818,0.42326,2.8646,1.919,1.35,2.8355
9-7.mp4,0.89184,0.42323,1.022,0.99652,1.6523,2.3053
9-13.mp4,1.5134,0.3265,1.3344,1.2954,1.3526,2.95
9-14.mp4,1.3058,0,2.9454,2.2724,1.7056,2.6
9-16.mp4,1.6921,0,2.656,2.1008,1.356,2.756
9-17.mp4,1.7008,2.9886,1.7232,1.1003,1.565,2.9471
9-19.mp4,1.698,0.22356,1.806,2.2662,1.8789,3.0803
9-20.mp4,1.468,0,1.1813,1.704,1.4056,2.8235
9-22.mp4,1.7144,0.5656,1.8167,1.8828,1.5056,2.8698
9-25.mp4,2.434,2.756,2.3054,2.814,2.856,4.3799
9-26.mp4,1.8005,2.1256,1.9813,1.8332,1.9161,3.1201
9-29.mp4,0.3,1.7566,0.26384,0.040447,0.1232,1.302
9-30.mp4,0.78,1.0665,1.3647,0.17102,0.656,1.4351
9-31.mp4,2.5538,2.211,1.645,2.6457,2.01,3.7921
9-34.mp4,1.4554,2.0776,0.265,1.3367,0.7656,2.3886
9-35.mp4,2.2383,2.0893,1.1365,2.0399,1.6856,3.3014
9-37.mp4,2.0243,1.856,0.89565,1.6974,1.8299,3.2769
9-41.mp4,0.954,1.6565,0.912,1.0892,1.405,2.1167
9-42.mp4,1.7942,0.42326,0.81446,1.2053,1.4833,2.656
9-44.mp4,0.7,1.5655,1.235,0.5958,0.2556,1.3147
9-49.mp4,1.8801,0.7565,0.7665,1.2897,1.1775,2.2291
9-50.mp4,1.2781,1.4565,0.452,0.68649,1.2043,2.756
9-51.mp4,1,0.9323,0.65261,0.31331,1.023,2.0037
9-52.mp4,0.9,1.4565,0.63597,0.32554,1.365,2.365
9-53.mp4,0.8,1.032,1.1245,0.41784,0.9565,2.0293
9-56.mp4,0.55,1.4565,0.24233,0.18162,0.0323,1.123
9-57.mp4,0.5,1.2356,0.4512,0.18167,0.132,1.2645
9-58.mp4,0.85,1.2326,1.541,0.24322,0.689,1.6482
9-59.mp4,0.85,1.326,1.1515,0.25529,0.49832,1.7121
9-60.mp4,0.85,1.689,0.6848,0.63904,1.256,2.45
10-5.mp4,0.9,0.8565,1.354,0.67609,0.71311,1.7056
10-6.mp4,0.65,1.7065,0.345,0.14323,0.8565,1.5764
10-7.mp4,0.7,0.75656,0.364,0.078782,0.423,1.233
10-8.mp4,1.1545,0.8565,1.6549,0.69598,1.356,2.365
10-11.mp4,0.85,0.85656,1.3746,0.15745,0.42356,1.302
10-12.mp4,1.6549,1.756,1.4035,1.8715,1.5,2.8304
10-13.mp4,1.1545,0.956,0.8784,0.67591,0.89694,2.2565
10-14.mp4,1.9993,0.85656,1.7599,2.0338,1.757,3.0798
10-15.mp4,1.632,0.8989,1.6523,1.8588,1.65,3.2976
10-16.mp4,1.8072,1.7692,1.5068,1.3849,1.9065,3.2244
10-18.mp4,0.5,0.956,1.684,0.24127,0.55656,1.3233
10-19.mp4,1.321,1.1905,1.785,0.99113,1.3056,2.5195
10-21.mp4,1.4751,1.4232,0.8954,0.51133,1.235,2.305
10-22.mp4,0.75,1.7565,0.785,0.49643,0.658,1.5574
10-23.mp4,1.5922,1.7566,1.0255,0.87742,1.0926,2.4881
10-26.mp4,0.78,0.723,1.5651,0.36011,0.235,1.4507
10-27.mp4,0.8,1.656,0.51484,0.39274,0.856,1.6987
10-28.mp4,0.95213,0.756,1.2159,0.61604,1.4057,2.7
10-30.mp4,1,0.81943,1.24,0.37055,1.4565,2.756
10-31.mp4,0.46868,1.856,1.0545,0.31305,0.6565,1.3056
11-2.mp4,2.0506,1.565,1.6989,2.0371,2.0701,3.9639
11-3.mp4,1.3174,1.032,0.7856,0.65715,1.7065,2.6056
11-4.mp4,2.0695,0.7565,2.454,1.5161,2.1699,3.345
11-11.mp4,1.654,1.4376,1.4656,0.90522,1.8565,2.756
11-12.mp4,1.932,1.7387,1.9191,1.9119,2.2078,3.4707
11-14.mp4,0.2,1.658,1.2646,0.13132,0.356,1.2695
11-15.mp4,0.8,1.2323,1.6545,0.41822,0.687,1.4232
11-16.mp4,0.7,1.326,0.545,0.528,0.456,1.5615
11-17.mp4,1.0782,1.0256,1.3445,0.49482,1.0359,2.1986
11-18.mp4,0.85,1.3262,0.8495,0.12303,0.16834,1.156
12-1.mp4,1,1.232,1.254,1.1305,0.3265,1.6056
12-2.mp4,1.3331,0.6565,0.9865,0.68914,1.5656,2.3794
12-3.mp4,2.3771,1.0656,0.854,1.7482,1.6023,3.02
12-4.mp4,1,0.865,1.875,0.36677,1.3565,2.346
12-5.mp4,1.452,1.026,0.982,0.67474,0.86483,2.265
12-6.mp4,0.83768,1.0323,0.51894,0.53726,0.51579,1.456
12-7.mp4,1.095,0.8656,0.7458,0.64677,1.023,2.0641
12-9.mp4,2.328,1.5656,1.2656,1.179,1.0565,2.8989
12-11.mp4,1.0872,1.3656,1.3544,0.7364,1.565,2.0012
12-14.mp4,1.1,0.42323,0.81818,0.62802,0.245,1.1232
12-15.mp4,0.75,1.6665,0.7856,1.2613,0.4565,1.4
13-2.mp4,1.4454,1.0656,1.5201,1.4481,1.423,2.56
13-4.mp4,1.3656,1.4888,0.91233,1.0324,1.7057,2.7056
13-6.mp4,1.654,1.7233,1.3947,1.024,1.353,3.062
13-7.mp4,0.9,1.1089,1.1276,0.879,1.065,2.6
13-9.mp4,1.6344,1.2656,1.8236,1.5571,1.405,3.3226
13-10.mp4,1.428,1.22,1.1566,0.92561,1.2261,2.6565
13-11.mp4,2.5496,2.7178,2.664,2.0288,2.2586,3.9586
13-12.mp4,2.7031,2.8656,2.88,2.7675,2.6527,4.568
13-13.mp4,2.1834,2.9656,1.266,1.7187,2.023,3.3099
13-16.mp4,2.1745,2.323,2.1656,2.2527,2.056,4.0399
13-17.mp4,1.6054,1.465,1.4292,1.27,1.356,2.65
13-20.mp4,1.4212,1.7566,1.1232,0.92384,1.4022,2.756
13-21.mp4,0.65,1.5656,1.151,0.16346,0.756,1.5056
13-22.mp4,1.154,0.6565,1.892,1.0934,1.0309,2.0809
13-23.mp4,0.1,1.8656,0.26367,0.13823,0,1.026
13-24.mp4,0.8845,1.423,1.1612,0.89954,1.322,2.354
13-25.mp4,0.75,1.565,0.36546,0.29703,0.365,1.6697
13-26.mp4,0.9,1.065,1.2465,0.55893,1.1232,1.7056
13-27.mp4,1.3965,1.0232,1.46,1.1422,1.756,2.96
13-28.mp4,0.75,1.7565,1.7565,0.93708,1.562,2.346
13-29.mp4,0.85,0.556,1.0656,0.49389,0.8008,1.23
13-30.mp4,0.85,0.7565,0.93493,0.65426,0.456,1.4
13-31.mp4,1.2365,2.432,1.566,1.0484,1.3056,2.7946
14-1.mp4,0.95121,1.656,0.84204,0.94005,1.5565,2.3146
14-3.mp4,1.2632,1.3565,1.5231,1.0541,1.262,2.456
14-4.mp4,1.254,1.56,1.2345,0.93605,1.798,2.889
14-5.mp4,0.7,1.4232,0.654,0.21162,0.7565,1.4981
14-9.mp4,2.7842,2.156,3,2.816,2.89,5
14-10.mp4,0.78,0.9454,1.451,0.36783,1.6456,2.156
14-11.mp4,0.9,1.1232,1.345,0.49238,1.3656,2.0236
14-13.mp4,1.3651,1.1566,1.2929,1.1168,1.0704,2.423
14-14.mp4,1.45,1.1656,1.4246,1.7829,1.2065,2.3
14-15.mp4,0.35,1.2356,0.645,0.065498,0.17258,1.1725
14-16.mp4,0.17973,1.2356,1.2,0.16604,0.08661,1.1265
14-17.mp4,0.2,0.84545,1.7897,0.12393,0.056,1.19
14-18.mp4,0.024543,1.869,1.5794,0.15812,0.086277,1
14-19.mp4,0.7,0.8565,1.4556,0.95131,0.56,1.6056
14-20.mp4,0.95,0.75656,1.758,0.31236,1.65,2.032
14-21.mp4,0.5,0.8656,1.685,0.26209,0.235,1.1519
14-22.mp4,0.36132,1.3566,0.94846,0.31628,0.23877,1.2835
14-23.mp4,0.6,1.2323,0.854,0.30282,0.6565,1.5239
14-24.mp4,1.2764,0.7565,1.2949,0.62165,1.2056,2.2601
14-25.mp4,1.2,1.423,1.0656,0.67207,1.5232,2.656
14-26.mp4,0.45,1.4506,1.1373,0.13065,0.8656,1.4056
14-27.mp4,0.88,0.563,1.874,0.77541,1.3656,1.856
14-28.mp4,0.35328,1.5656,1.3254,0.5196,0.50436,1.4056
14-29.mp4,0.1,1.5445,1.4,0.056193,0,1.2248
14-30.mp4,0.7,1.6565,1.754,0.41714,1.656,1.89
15-2.mp4,0.85,1.856,1.7545,0.30855,1.6488,2.3206
15-7.mp4,1.4778,1.277,1.452,0.95872,1.1565,2.58
15-9.mp4,0.95,0.923,1.4526,0.37677,1.4565,2.3456
15-12.mp4,1.654,1.656,1.8656,1.367,1.8656,3.2984
15-13.mp4,1.8971,2.856,2.502,1.4362,1.706,3.1985
15-14.mp4,1.9065,2.9956,2.0349,2.0418,1.9021,3.2158
15-15.mp4,1.235,2.8656,1.7556,1.7286,1.7566,2.7565
15-16.mp4,1.457,1.649,1.5533,1.8061,1.7066,2.9885
15-18.mp4,1.4736,1.8976,1.7065,1.2583,1.5056,2.404
15-19.mp4,0.85,0.5656,0.4512,0.022249,0.756,1.3925
15-20.mp4,0.8,0.856,0.47575,0.26167,0.33083,1.235
15-22.mp4,0.95,1.023,1.054,0.47142,1.4065,2.1635
15-23.mp4,1.9266,1.86,1.8656,1.6613,1.978,3.4997
15-24.mp4,1.7772,1.756,2.565,2.1944,2.03,3.156
15-25.mp4,0.85,1.6566,1.365,1.0415,1.365,2.123
15-26.mp4,0.75,1.865,0.85022,0.70484,0.856,1.523
15-28.mp4,0.6,1.7565,1.0903,0.64744,1.245,1.7056
16-1.mp4,2.5085,2.9665,2.898,2.6494,2.9,4.7
16-2.mp4,0.3,1.8565,1.874,0.66344,0.15837,1.4126
16-3.mp4,1.277,0.856,1.78,0.78249,1.5233,1.7362
16-4.mp4,1.8102,1.53,2.245,1.9165,2.0435,2.875
16-5.mp4,1.2,1.656,1.5686,0.50231,1.2038,2.956
16-6.mp4,0.9,1.02,2.165,0.41307,1.456,2.456
16-7.mp4,0.31197,1.346,1.5659,0.16905,0.37183,1.7784
16-8.mp4,1.6864,0.8465,1.8481,1.3964,1.686,2.5445
16-9.mp4,1.1554,0.76565,1.356,1.0028,1.256,2.35
16-10.mp4,1.9916,2.4656,2.2712,1.6093,2.0597,3.6215
16-12.mp4,1.6996,0.456,2.5989,1.4925,1.6056,2.977
16-13.mp4,2.4802,2.956,2.6098,2.4105,2.8565,4.7725
16-14.mp4,2.287,0.7656,1.901,2.1173,2.123,4.0772
16-15.mp4,2.1504,0.12356,2.656,1.8526,1.4023,2.789
16-16.mp4,2.2223,1.123,1.2961,1.2857,1.3565,2.8474
16-18.mp4,1.3654,0.7565,1.6932,1.3523,1.35,2.7117
16-23.mp4,1.3646,0.2356,2.0507,1.8858,1.6071,2.6041
16-24.mp4,1.8136,0.42355,1.791,1.3072,1.756,2.356
16-25.mp4,1.123,0.8959,1.3656,0.87325,1.035,2.2434
16-27.mp4,1.9916,1.5565,1.3065,1.2641,1.51,2.756
16-28.mp4,1.8301,1.1233,1.136,1.29,1.4065,2.8656
16-30.mp4,0.9,1.565,0.6548,0.61277,1.3565,2.5056
16-31.mp4,1.2508,1.656,0.81113,0.82875,1.1232,2.265
16-32.mp4,2.1106,1.455,1.3656,1.7911,1.6,2.889
16-34.mp4,0.7,0.826,1.1212,0.62315,0.56324,1.6838
16-35.mp4,1.2354,1.4646,0.895,1.0937,1.1094,2.4635
16-36.mp4,1.5021,1.6565,0.99507,0.75682,1.2366,2.68
16-37.mp4,2.0012,3,2.7695,2.9469,2.7731,4.4974
16-38.mp4,2.1482,2.232,1.354,1.9676,1.8556,3.1772
16-39.mp4,0.9,1.8656,1.264,0.49255,1.3565,1.756
16-40.mp4,0.83926,1.4565,1.2545,0.27868,0.856,1.344
16-41.mp4,0.9,1.0318,0.984,0.99796,1.4565,2.3128
16-42.mp4,0.6,0.8323,1.3254,0.28762,0.689,1.8494
16-44.mp4,0.8,1.0323,1.754,0.27666,0.9565,1.3619
16-45.mp4,0.40633,1.3565,1.021,0.14508,0.42665,1.106
16-46.mp4,1,1.0232,1.354,0.52175,1.345,1.9901
16-47.mp4,2.0727,1.456,1.0656,1.8052,1.4235,3.4574
16-48.mp4,1.2,0.4545,1.232,0.32119,1.0565,1.7845
16-49.mp4,0.85,0.52896,0.984,0.37441,0.756,1.2066
16-50.mp4,1.0585,1.4232,1.2065,0.9999,0.8656,2.3131
16-51.mp4,2.2582,2.365,2.013,2.0058,2.153,3.8639
16-52.mp4,0.45985,1.423,0.9335,0.26885,0.36191,1
16-53.mp4,0.5,0.15656,1.4545,0.32806,0.356,1.235
17-1.mp4,0,1.86,2,0.20552,0,1
17-2.mp4,0.97556,1.5656,1.542,0.26383,1.165,1.9056
17-3.mp4,0,1.8989,1.3,0,0,1
17-8.mp4,2.2804,2.8566,2.2529,2.1284,2.402,3.9541
17-9.mp4,0.8,1.865,1.23,0.7273,1.256,2.0232
17-11.mp4,0.85,0.956,0.94864,0.62018,1.7057,2.856
17-12.mp4,0.8,1.123,1.4256,0.1742,0.256,1.4029
17-13.mp4,1,1.356,1.324,0.56148,1.5095,2
17-14.mp4,0.1,1.4552,0.4,0,0,1
17-15.mp4,2.273,2.86,2.4545,1.8202,2.255,4.1512
17-16.mp4,2.414,1.523,2.9565,2.725,2.7606,4.0395
17-17.mp4,2.8022,2.7899,2.6499,2.8125,2.85,4.789
17-18.mp4,2.4006,2.9566,2.945,2.3016,2.56,4.3659
17-23.mp4,1.2331,0.82326,1.065,0.95388,1.7057,2.3099
17-24.mp4,0.8,1.465,1.0245,0.3651,0.8565,1.6881
17-26.mp4,0.7884,1.1835,0.956,0.81539,0.5656,1.4056
17-27.mp4,1.2215,0.8565,0.7545,0.84117,1.456,2.456
17-29.mp4,0.9,1.565,0.654,0.28608,0.9896,1.408
17-30.mp4,0.34944,1.656,0.93837,0.058503,0.056,1.0887
17-31.mp4,0.6,1.756,1.845,0.09401,0.19443,1.23
17-32.mp4,0.7,1.345,1.5612,0.21508,0.165,1.4519
18-2.mp4,2.2701,1.423,1.8065,1.6999,1.658,3.3629
18-3.mp4,2.5242,2.75,2.956,2.8339,3,4.9869
18-4.mp4,0.9,1.4565,1.235,0.44545,1.3656,1.6056
18-6.mp4,1.45,0.8565,1.0656,1.0507,1.3065,2.5808
18-7.mp4,2.0347,0.8565,1.82,1.5538,1.5385,3.0947
18-8.mp4,1.6613,0.656,1.1206,1.1771,1.235,2.456
18-9.mp4,2.1307,2.856,2.0244,2.1874,2.426,3.8679
18-10.mp4,2.5994,1.756,2.3709,2.1675,2.223,3.8832
18-11.mp4,2.3969,1.8565,1.8045,1.7808,1.8327,3.6994
18-12.mp4,1.9835,2.545,2.898,2.9928,2.84,4.326
18-15.mp4,2.251,2.556,2.7691,3,2.7056,4.7219
18-16.mp4,2.4273,2.865,2.6865,2.7182,3,4.58
18-17.mp4,2.8188,2.6005,2.915,3,2.95,5
18-18.mp4,2.691,2.3265,2.9065,2.662,2.751,4.3189
18-19.mp4,2.6947,2.65,2.5867,2.7045,2.7416,4.365
18-22.mp4,2.2978,2.756,1.8056,1.9418,2.1135,3.9103
18-24.mp4,1.5235,0.2065,1.5656,1.2088,1.7056,2.8719
18-26.mp4,2.176,2.856,1.6504,1.7725,2.456,4.7
18-29.mp4,1.5504,1.3656,1.7057,2.2417,1.8896,3.032
18-30.mp4,1.5544,0.6565,2.8956,1.8528,1.4021,2.898
18-32.mp4,1.9469,0.34545,2.574,1.7183,2.1204,3.0303
19-1.mp4,1.8567,0.86556,1.3656,1.2578,1.5127,2.456
19-3.mp4,1.6699,0.765,1.1065,1.0847,1.564,3.0807
19-5.mp4,2.1139,2.6565,1.5631,1.8062,2.856,3.6303
19-11.mp4,2.4663,2.565,0.7545,2.5701,1.86,3.5564
19-13.mp4,2.2547,2.223,0.8454,2.0735,1.856,4.0413
19-14.mp4,2.2582,1.9542,1.065,2.1037,1.89,3.6192
19-15.mp4,1.751,0.8223,0.652,1.1499,1.2066,2.8756
19-16.mp4,2.0997,2.9566,1.845,2.0491,2.0123,3.8414
19-17.mp4,2.5471,2.656,2.345,2.0465,2.6483,3.8978
19-18.mp4,2.4609,2.856,1.4522,1.6576,1.9,3.6083
19-20.mp4,2.8474,2.956,2.8315,2.8681,2.8613,4.9682
19-21.mp4,1.8568,0.3265,0.5659,1.6391,1.4615,2.789
19-24.mp4,1.9823,2.8565,2.245,2.4077,2.023,3.9881
19-25.mp4,2.1325,2.7062,2.7966,2.7606,2.907,4.4956
19-27.mp4,2.6458,2.456,2.5578,2.8872,2.86,4.6017
20-1.mp4,2.3582,1.356,1.7565,1.6099,1.7056,3.2375
20-2.mp4,1.3299,1.8565,1.5062,1.3848,1.7056,2.7859
20-3.mp4,1.2656,0.5686,1.506,1.3954,1.4056,2.2791
20-4.mp4,1,0.8565,1.2455,0.76297,1.1565,2.2968
20-5.mp4,2.6808,1.6565,2.0162,2.3578,2.48,3.8618
20-6.mp4,2.2364,1.94,2.0391,1.9586,2.0146,3.7366
20-7.mp4,2.2994,2.265,1.656,1.8385,2.1968,3.725
20-9.mp4,2.5518,3,2.5047,2.7652,2.7891,4.3625
21-1.mp4,2.3047,1.2356,1.356,2.0254,1.856,3.332
21-2.mp4,2.0935,1.356,1.0353,1.5869,1.6392,3.185
21-3.mp4,2.4164,1.865,2.4504,2.4111,2.01,4.1444
21-5.mp4,1.9117,1.8672,2.65,2.2569,2.3793,4.2844
21-6.mp4,2.5103,2.5003,2.9566,2.5025,3,4.7955
21-7.mp4,2.3431,1.7565,2.054,2.0573,1.7015,3.4131
21-8.mp4,2.8894,2.8565,2.2342,2.6164,2.856,4.524
21-9.mp4,2.1826,2.8454,2.9975,2.3319,2.86,4.379
21-10.mp4,2.1228,1.52,1.3066,2.103,2.087,3.4805
21-11.mp4,3,2.945,2.4253,2.7958,2.8,4.7676
21-12.mp4,2.7342,2.8566,2.684,2.7072,2.7699,4.7142
21-14.mp4,2.1295,2.8656,2.1656,2.093,2.523,4.589
22-1.mp4,2.8862,2.0232,1.9468,2.6142,2.5738,4.5605
22-2.mp4,3,2.956,2.1962,2.4506,2.8086,4.689
22-3.mp4,2.0921,0.7565,1.5961,2.0349,1.856,3.7797
22-4.mp4,1.2,1.356,2.845,2.2492,2.456,2.408
22-5.mp4,2.8012,2.4259,2.9612,2.731,2.5604,4.366
22-7.mp4,2.9215,2.7349,2.2525,2.6814,2.812,4.123
22-8.mp4,2.6658,2.8565,2.0406,2.4959,2.5782,4.5
22-10.mp4,2.1395,3,2.1091,2.6034,2.856,4.0707
22-11.mp4,1.9646,1.7148,1.474,1.6054,1.6365,3.3893
22-12.mp4,2.0012,1.8937,2.1142,2.1777,2.456,3.662
22-14.mp4,1.9927,1.8127,1.7956,1.4727,2.456,3.327
23-1.mp4,2.7163,3,2.8455,2.7962,2.98,4.96
23-2.mp4,2.1197,2.086,1.2356,1.8485,2.0516,3.358
23-3.mp4,2.5291,2.4461,2.6593,2.4379,2.5089,4.2851
23-5.mp4,1.8151,0.85656,0.8452,1.7206,1.5722,3.3458
23-7.mp4,1.9974,2.456,1.7556,2.5543,2.0977,3.4892
23-8.mp4,0.45,1.4232,1.023,0.63449,1.225,1.9319
23-9.mp4,2.6454,2.6746,2.2791,2.3004,2.4531,4.2267
23-10.mp4,1.4551,0.8926,0.7554,0.84595,1.3027,2.5633
23-3_1.mp4,2.1699,1.851,1.7056,2.1255,2.0356,4.0896
24-1.mp4,1.2,0.6562,1.78,1.5231,1.5565,2.8989
24-2.mp4,1.4265,1.2356,1.6045,1.1326,1.305,2.8732
24-3.mp4,1.354,0.8265,1.565,1.2867,1.2956,2.456
24-4.mp4,1.8984,1.3265,1.8066,2.3712,1.5162,3.3269
24-5.mp4,2.3237,1.3235,2.3781,2.4709,1.89,3.6031
24-6.mp4,2.1161,0.956,1.9341,2.1103,2.105,3.12
24-8.mp4,2.186,1.7014,2.0448,2.3527,2.1741,3.7224
24-9.mp4,2.6541,1.56,2.5609,2.6165,2.7142,4.4937
24-10.mp4,2.6782,1.856,2.5889,2.918,2.7012,4.6315
24-11.mp4,1.4545,0.356,1.5656,2.1371,1.7056,3.023
24-12.mp4,2.0807,1.7565,1.7656,1.6769,1.879,3.7328
24-14.mp4,1.8909,0.856,2.788,2.0503,1.7,3.4743
24-15.mp4,1.989,1.465,2.1939,2.3579,1.9747,3.5052
24-16.mp4,2.2625,2.1323,2.6656,2.5443,2.6753,4.356
24-20.mp4,2.4047,2.456,2.9644,2.8376,2.8035,4.4917
24-21.mp4,2.0702,0.8565,2.9056,2.478,1.8956,4.0987
24-22.mp4,2.4195,1.7565,2.8007,2.7141,2.4819,4.123
24-23.mp4,2.275,1.1232,2.7459,2.6417,1.785,3.9612
24-24.mp4,1.0656,0.3232,1.6898,1.875,1.2026,3.0468
24-26.mp4,2.1159,1.023,2.989,2.5173,2.5565,4.365
24-28.mp4,2.6511,2.0656,2.2399,2.5237,2.456,4.0505
24-29.mp4,2.4232,2.665,2.3344,2.3132,2.8058,4.689
24-30.mp4,2.1069,2.4565,2.756,2.1376,2.725,3.6981
24-32.mp4,2.3533,2.346,2.568,2.0768,2.0737,4.365
24-33.mp4,2.4503,2.0112,2.8989,2.3101,2.6056,4.589
24-34.mp4,2.6866,2.0232,2.656,2.8147,2.862,4.5662
24-37.mp4,2.2366,1.8656,2.5323,1.4554,2.023,3.5242
24-39.mp4,2.34,0.7565,2.884,2.1952,1.86,3.9509
24-40.mp4,1.654,1.2356,1.1215,1.0913,1.7057,2.7056
24-41.mp4,1.8852,0.8656,2.3154,1.6957,1.8956,3.4398
24-42.mp4,1.4561,1.365,1.5656,1.0032,1.765,3.065
24-44.mp4,0.88,2.5656,1.7856,1.3954,2.3656,1.6549
24-45.mp4,1.3,1.8163,1.4219,1.8908,1.8372,3.1801
24-46.mp4,1.6546,2.756,1.2588,1.5478,1.7606,3.1472
24-48.mp4,1.9295,2.5565,2.5986,2.6771,2.856,4.568
24-49.mp4,1.8848,2.965,2.7545,2.4451,2.965,3.7231
24-50.mp4,1.506,2.356,2.6895,1.8321,2.565,3.0092
24-52.mp4,0.9,1.665,0.90213,0.94961,0.7056,1.7056
24-53.mp4,0.75,1.656,0.34986,0.2699,1.0265,2.1306
24-54.mp4,0.96613,1.1221,0.79513,0.59192,1.4065,1.7
24-55.mp4,1,1.423,0.4541,0.26554,1.0265,1.9531
24-57.mp4,1.9109,3,2.7639,2.835,2.6338,4.65
24-60.mp4,2.0401,1.356,1.4665,1.808,1.556,3.568
24-61.mp4,0.65,0.256,0.21545,0.31839,0.65989,1.3
24-62.mp4,1.345,0.0223,0.3254,1.0568,1.25,2.4389
24-63.mp4,0.85,0.4323,0.6737,0.60305,0.8565,1.5505
24-64.mp4,1.654,1.656,1.3646,1.7284,1.7199,3.0741
24-65.mp4,0.9,0.12323,1.056,1.2739,1.5562,2.087
24-66.mp4,1.4,0.1232,0.8554,1.4529,1.8656,2.8411
25-1.mp4,2.0229,2.456,2.565,2.003,1.765,3.4049
25-2.mp4,1.6866,1.0265,1.6428,1.2839,1.5918,2.9931
25-4.mp4,1.4542,2.866,0.865,1.8661,1.756,3.1629
25-6.mp4,1.8818,0.865,0.985,1.1169,1.5356,2.656
25-8.mp4,0.9,1.346,1.345,0.93302,1.7565,2.1821
25-9.mp4,2.4208,2.045,1.8045,2.2883,2.123,3.6022
25-12.mp4,2.1186,2.356,1.5906,2.1086,2.56,3.6154
27-1.mp4,1.34,0.565,1.4021,1.0652,1.4086,2.512
27-2.mp4,2.1401,2.8656,2.7545,2.3158,2.677,3.9517
27-3.mp4,0.95,1.4232,1.3564,0.34456,0.989,1.9786
27-4.mp4,1.726,0.8565,1.8792,1.4515,1.6032,3.0388
27-5.mp4,1.155,0.3656,1.4383,1.0936,0.56,2.3156
27-7.mp4,1.6877,0.3356,1.5319,1.8998,1.3856,2.5208
27-10.mp4,2.1712,2.5656,2.7307,2.5481,2.7,4.3755
27-13.mp4,2.0157,1.8565,2.1237,1.6075,2.312,3.8179
27-14.mp4,1.3662,0.8656,1.4565,0.92794,1.8056,2.856
27-15.mp4,2.4478,2.9899,2.7787,1.9462,2.7056,4.78
27-16.mp4,2.0327,2.43,2.2454,1.518,2.456,3.9537
28-2.mp4,2.3178,2.8565,2.465,2.0835,2.3234,3.6531
28-6.mp4,2.1741,1.265,1.9744,1.5567,2.032,3.6172
28-9.mp4,1.687,2.756,1.8726,1.5931,1.918,3.5425
29-1.mp4,2.6904,2.8565,2.5622,2.652,2.789,4.68
29-2.mp4,2.116,1.7276,1.3914,1.7532,1.862,3.3551
29-3.mp4,0.81266,1.4656,1.0667,0.87954,1.6845,2.123
29-4.mp4,1.8697,0.865,0.854,1.3633,1.3761,2.994
29-6.mp4,2.6953,2.8656,2.9645,2.2135,2.6856,4.568
29-8.mp4,2.6048,2.756,1.645,2.3003,2.123,4.23
30-1.mp4,1.2,1.7565,2.2356,1.259,1.4761,3.0656
30-4.mp4,2.2532,0.6565,2.5263,2.3008,2.1874,4.0746
30-5.mp4,1.507,1.365,1.3894,1.3943,1.4056,2.8989
30-10.mp4,2.0641,1.656,1.7066,2.0695,1.8595,3.0694
30-11.mp4,1.708,2.3565,2.164,2.0765,2.6856,3.3461
30-15.mp4,1.45,1.2232,1.356,1.2758,1.6056,2.65
30-17.mp4,1.828,0.2356,1.8743,2.0397,1.4403,2.9224
30-18.mp4,2.0751,0.8656,1.969,2.7144,1.7056,3.7033
30-19.mp4,2.0442,1.565,1.7565,2.4029,2.34,3.6132
30-21.mp4,1,0.4232,1.281,0.74397,1.2353,2.2781
30-22.mp4,1.5627,0.5656,1.6833,1.9877,1.756,3.2232
30-24.mp4,2.094,1.845,2.3242,2.3923,2.3177,3.3961
30-25.mp4,1.2,0.85607,0.9512,0.76204,0.90404,2.1434
31-1.mp4,1.0553,1.7565,1.35,0.65966,1.456,2.235
31-6.mp4,1.4892,1.4232,1.2686,1.0447,1.7173,3.1789
31-7.mp4,2.3288,1.423,2.6556,1.9308,1.7947,3.6002
31-9.mp4,2.1259,0.756,1.6454,1.8434,1.65,3.229
31-11.mp4,2.6523,1.565,1.7656,2.2642,2.123,4.3128
31-14.mp4,1.2474,0.3265,0.845,1.2902,1.326,2.2093
31-15.mp4,2.2079,2.2209,1.645,2.4529,2.1047,3.6816
31-16.mp4,1.7616,2.356,1.4656,2.3681,2.0685,3.4464
31-19.mp4,1.901,1.7565,1.8193,2.6773,1.9981,3.3639
31-20.mp4,1.7601,1.9104,1.845,2.3497,1.965,3.581
31-21.mp4,1.8287,0.12265,2.756,2.3107,2.4575,3.5272
31-22.mp4,1.8519,0.7565,2.1783,2.545,2.3844,3.7667
31-25.mp4,1.6973,1.356,1.7709,2.4694,1.856,3.1614
31-26.mp4,1.7126,1.774,2.236,2.3151,2.553,3.332
31-27.mp4,1.6641,2.223,2.895,2.5492,2.877,3.5006
31-29.mp4,1.8281,3,2.9565,2.7699,2.96,4.3672
31-33.mp4,2.3555,2.0711,2.0746,2.4921,2.4056,4.164
31-34.mp4,2.105,2.8565,2.4545,2.618,2.705,4.0815
31-35.mp4,2.4074,2.2589,1.8045,2.4929,2.342,4.0172
31-37.mp4,2.6771,2.5656,3,2.7251,2.8401,4.98
31-39.mp4,1.2536,1.2259,0.924,0.76472,1.4057,2.6709
32-1.mp4,2.1634,2.865,2.975,2.1437,2.565,4.356
32-2.mp4,1.8409,1.1232,1.9556,1.52,1.9065,3.0363
32-3.mp4,1.7838,0.9565,2.5656,1.5163,1.6326,3.265
32-4.mp4,1.3911,1.0565,1.3465,1.4563,1.656,2.756
32-5.mp4,1.6092,1.4991,0.985,1.4322,1.7026,2.8036
32-6.mp4,1.784,1.7066,1.9066,1.1936,1.8956,2.5919
32-7.mp4,2.5707,2.2568,2.9424,2.4831,2.9856,4.789
32-9.mp4,2.7034,2.945,2.1266,2.6674,2.89,4.89
32-10.mp4,1.8677,0.5656,1.652,1.7585,1.886,2.9853
32-11.mp4,2.2435,1.65,1.6458,1.8102,2.0528,3.8941
33-1.mp4,2.0771,0.6565,2.64,1.9284,1.7856,3.7395
33-2.mp4,1.354,1.7083,1.3546,1.9288,1.406,2.8208
33-3.mp4,2.0452,2.756,1.9647,2.1599,2.765,4.1331
33-4.mp4,1.7604,2.456,1.85,1.6735,2.256,3.1611
33-5.mp4,1.8515,0.7565,1.8266,1.8231,2.456,3.1106
33-6.mp4,1.4207,0.423,1.8545,1.7396,1.2065,2.7516
33-8.mp4,1.4047,1.7565,1.224,1.4463,1.8056,2.56
33-9.mp4,1.1617,0.1356,1.3715,1.4229,1.5606,2.3141
33-10.mp4,2.0457,2.8565,1.9057,2.1152,2.556,3.881
33-11.mp4,1.9835,1.65,1.6545,1.5763,1.632,2.7678
33-13.mp4,1.9737,0.45656,2.3656,1.4796,1.8565,3.3505
34-1.mp4,1.8143,1.232,1.7236,1.5901,1.56,3.3033
34-2.mp4,1.3646,1.2054,1.4655,0.80458,1.658,2.456
34-3.mp4,2.0376,1.756,1.7,1.6117,1.323,2.9146
34-4.mp4,2.427,1.023,1.6406,1.5081,1.423,2.756
34-5.mp4,2.5235,3,2.455,3,2.8,5
34-6.mp4,2.5052,2.5643,2.656,2.4931,2.456,4.3265
34-7.mp4,2.157,2.7449,2.6566,2.6223,2.8,4.325
34-8.mp4,2.1366,2.956,2.7184,2.5999,2.5805,4.4623
34-10.mp4,1.7907,1.8056,1.942,1.4938,2.5,3.3672
35-2.mp4,2.0213,2.6869,2.2907,2.5603,2.12,4.2811
35-3.mp4,1.9448,0.4656,1.3265,1.2048,2.035,3.0739
35-4.mp4,2.5683,1.9565,1.7656,2.5724,2.3,4.0308
35-5.mp4,0.9,0.8565,1.452,0.74546,1.4066,2.1119
35-6.mp4,2.4677,1.734,1.7731,2.0874,1.9929,3.7388
35-7.mp4,1.3545,1.6565,0.7565,0.97477,0.265,1.679
35-8.mp4,2.2494,2.9565,1.9338,1.7744,2.3397,4.1881
35-12.mp4,1.8298,1.365,0.923,1.56,1.3565,2.92
35-13.mp4,2.2708,1.456,2.0656,1.4527,1.8958,3.5809
35-15.mp4,1.7846,1.656,1.6878,1.6459,0.756,2.032
35-16.mp4,1.7362,1.4232,1.9045,1.8923,1.7735,2.9825
35-17.mp4,0.8754,0.845,1.0951,0.8367,1.4056,2.2656
35-19.mp4,2.4714,2.0085,1.845,2.0715,2.2982,3.6392
35-20.mp4,1.7505,2.456,2.0531,2.3045,2.112,3.6158
35-21.mp4,1.8818,2.7565,1.2494,2.3928,2.56,3.614
35-22.mp4,2.1608,2.0454,2.112,1.958,1.8824,3.4107
35-23.mp4,2.1084,3,2.5124,2.3974,2.5101,3.9723
36-3.mp4,1.7404,0.8565,1.3656,1.3157,1.6345,2.78
36-4.mp4,2.1344,3,2.2676,2.3124,2.756,3.8987
36-5.mp4,2.4511,2.568,2.364,2.2887,2.3055,4.1486
36-6.mp4,2.7891,2.845,1.7566,2.0795,1.845,3.9972
36-8.mp4,2.2285,2.1752,2.3025,1.9566,2.109,3.7904
36-11.mp4,2.0543,2.565,1.4565,2.0091,1.9005,3.6689
36-12.mp4,1.8045,1.8018,1.9235,1.7302,2.323,2.9358
36-14.mp4,2.55,2.656,2.1714,2.1128,2.4778,4.356
36-15.mp4,2.1133,2.7375,1.9449,2.1581,2.365,3.8918
36-16.mp4,1.4509,0.7565,0.8545,0.82171,1.7565,2.456
36-17.mp4,1.7024,1.8348,1.6448,1.8213,1.86,2.856
36-19.mp4,2.0918,2.023,1.9056,1.8982,1.86,3.1192
36-20.mp4,1.9878,2.966,2.2145,1.9747,1.865,3.6574
36-21.mp4,2.1098,2.6291,1.865,2.411,2.0772,3.8342
36-22.mp4,1.6244,0.4265,1.2656,1.3217,1.1199,2.8849
37-1.mp4,0.97924,0.24545,0.546,0.65198,1.165,1.43
37-2.mp4,2.1162,1.156,1.0656,1.5544,1.2245,2.5668
37-3.mp4,1.146,0.856,0.6458,0.90588,0.658,1.088
37-4.mp4,1.1545,1.1139,0.845,0.60079,0.956,2.2601
37-11.mp4,2.0898,3,1.7956,2.3493,2.0862,4.365
37-12.mp4,2.0109,2.963,0.5421,2.121,1.7674,3.2934
37-14.mp4,2.0402,0.456,1.7357,2.1398,1.7121,3.1687
37-15.mp4,2.2291,2.456,0.9815,2.3198,1.978,3.9279
37-16.mp4,2.1918,1.352,1.8466,1.9521,2.032,3.4266
37-17.mp4,1.8032,0.656,1.6989,2.1641,1.645,3.4146
37-18.mp4,2.1785,1.235,1.9054,2.4585,1.947,3.5187
37-19.mp4,1.9501,1.423,1.1326,1.9847,2.356,3.4504
37-23.mp4,2.0835,2.8565,0.852,2.3719,1.9127,2.9781
37-24.mp4,2.0617,1.8565,1.98,2.3199,2.456,3.682
38-2.mp4,2.1616,2.235,2.0595,1.5336,1.869,3.7527
38-3.mp4,0.88,0.8565,1.3564,0.36517,1.0656,1.3056
39-1.mp4,1.932,0.2232,1.892,1.8467,1.406,3.0448
39-2.mp4,1.8151,0.3656,1.5272,1.2959,1.7856,3.0388
39-3.mp4,0.85,0.6566,1.124,0.48545,0.50728,1.6655
39-4.mp4,1.2356,1.56,1.3656,1.0315,1.3056,2.756
39-5.mp4,2.1551,1.065,0.84566,1.3014,1.35,2.7414
39-6.mp4,1.9295,1.7565,1.1265,1.7498,1.6456,3.4118
39-9.mp4,2.065,1.8345,1.3465,1.6423,2.123,3.5416
39-10.mp4,2.2173,1.2356,1.4526,1.726,1.7056,3.3836
39-11.mp4,2.7875,2.9656,2.8132,2.4317,2.7166,4.3609
39-12.mp4,2.027,1.6565,1.3656,1.6865,1.7056,3.2783
39-13.mp4,2.084,1.323,1.8454,1.6833,1.8575,3.0918
40-1.mp4,1.8593,0.8656,0.456,1.2703,1.0326,2.265
40-2.mp4,0.65,1.6656,1.23,0.18141,1.0356,1.5679
40-3.mp4,1.3554,0.856,0.854,1.1957,0.7565,2.126
40-4.mp4,1.7303,0.4232,0.7556,1.2873,0.856,2.32
40-5.mp4,2.3385,1.123,0.8656,2.2793,1.856,3.5374
40-6.mp4,2.4852,2.065,1.2656,1.9211,1.806,3.384
40-8.mp4,2.2028,2.0624,2.1625,1.9041,2.0376,3.2778
41-1.mp4,1.7724,1.2037,1.0656,1.2951,0.8056,2.323
41-3.mp4,1.7189,1.0265,1.356,1.3312,1.3056,2.755
41-4.mp4,1.3085,0.456,1.346,0.74378,1.1565,2.125
41-5.mp4,1.932,0.8565,1.126,1.2904,1.605,2.789
41-6.mp4,2.2227,2.8956,2.656,2.1725,2.3646,3.8307
41-7.mp4,0.88,0.756,0.8421,0.25274,1.565,1.998
42-3.mp4,1.9524,1.756,1.2365,1.3839,1.8471,3.126
42-4.mp4,2.2704,2.356,1.6026,2.1213,1.856,3.7127
42-5.mp4,2.8063,3,2.656,2.9278,2.75,4.123
42-6.mp4,2.802,2.9665,1.965,2.7286,2.989,4.2296
42-8.mp4,1.7186,1.123,1.8004,2.1734,1.6553,3.4123
42-9.mp4,1.8607,1.02,1.0656,1.9784,1.7248,2.756
42-10.mp4,2.5471,2.8656,2.7565,2.7856,3,5
42-11.mp4,3,2.8932,3,2.887,2.9,4.7364
42-12.mp4,2.0313,2.456,1.4526,1.4143,1.9093,2.789
42-13.mp4,2.1782,2.356,1.8562,1.742,2.56,4.0793
42-14.mp4,1.5355,1.0235,1.0321,1.0481,1.02,2.6568
42-15.mp4,1.8896,2.345,2.345,2.3227,2.565,3.6158
42-16.mp4,1.8352,2.2323,1.0565,1.6838,2.032,3.4952
42-17.mp4,2.1439,2.56,1.8396,1.7281,2.9856,4.256
42-18.mp4,2.2003,2.8545,2.925,2.3795,2.9657,4.689
43-1.mp4,2.603,2.0323,2.1656,1.994,2.6293,4.4466
43-3.mp4,1.7798,0.24546,1.0256,1.5623,1.5883,3.2114
43-4.mp4,2.0858,1.7852,1.6454,2.0875,1.423,3.3388
43-6.mp4,2.7572,2.456,2.32,2.4229,2.6653,4.5588
43-7.mp4,2.3658,1.8656,2.4846,2.2458,2.8912,4.689
43-8.mp4,2.4787,2.865,2.5609,2.5332,2.023,4.3258
43-10.mp4,2.392,2.7566,2.8335,2.4138,2.895,4.5705
44-2.mp4,2,2.845,0.854,1.8731,1.7856,2.9475
44-3.mp4,0.85,1.565,0.5814,0.27979,0.665,1.565
44-6.mp4,0.75,0.7565,0.74114,0.54447,0.6565,1.356
44-7.mp4,1.7539,0.23565,1.1256,1.7543,1.1548,2.678
44-8.mp4,1.4618,0,1.294,1.6641,1.2565,2.7978
44-9.mp4,1.758,0.0656,1.056,1.346,1.4565,2.0036
44-10.mp4,2.1775,0.1256,1.9895,2.5577,1.8367,3.1838
44-13.mp4,2.4876,0.23256,1.6332,2.6425,1.8957,3.7907
44-14.mp4,2.0318,1.545,2.3877,2.3955,1.9502,3.9645
44-17.mp4,1.5432,0.84,0.71212,1.0367,1.756,2.6581
44-18.mp4,1.7632,1.3225,1.1656,2.1416,1.45,2.689
44-19.mp4,1.5276,1.536,1.3545,1.798,1.605,2.7
44-20.mp4,2.0846,1.2326,2.3656,2.1329,2.0602,3.5738
44-22.mp4,2.5521,1.656,1.1811,2.2523,2.0512,3.7809
44-24.mp4,2.4919,1.865,2.654,2.3031,2.123,4.3533
44-26.mp4,2.7305,2.5005,2.3626,2.3567,2.7056,4.789
44-27.mp4,2.5448,2.1232,1.7656,2.2168,2.4308,3.9481
45-1.mp4,1.8375,1.656,0.924,1.1035,1.356,2.6403
45-2.mp4,1.3015,1.2323,1.1774,1.2001,1.1292,2.5882
45-3.mp4,1.4545,1.2481,1.2656,1.1595,1.3686,2.89
45-5.mp4,1.0554,1.1232,0.95644,0.96097,1.356,2.2289
45-6.mp4,0.82678,1.765,0.875,0.439,0.8565,1.9271
45-7.mp4,1.8577,1.2323,1.422,1.2335,2.456,3.343
45-8.mp4,2.4355,2.1366,2.998,2.5336,2.6,4.326
45-9.mp4,2.7484,2.345,2.012,2.4697,2.4292,4.1988
45-10.mp4,2.2109,1.8187,0.7121,1.5042,1.756,2.89
45-11.mp4,2.0916,1.4232,1.8665,1.6245,2.326,3.0831
45-12.mp4,2.2945,2.123,1.7524,1.8632,2.2875,4.2433
46-2.mp4,0.8,0.2356,0.754,0.19009,0.265,1.2
46-3.mp4,1.6525,1.7879,1.505,1.4851,1.8065,3.3638
46-4.mp4,2.0433,3,2.5656,2.671,2.7056,4.689
46-5.mp4,1.7201,1.8775,2.0305,2.0933,2.2047,3.4825
46-9.mp4,1.1215,0.75656,0.954,0.63363,0.92877,2.4452
46-10.mp4,0.8951,1.4232,1.0795,1.0368,1.4565,2.556
46-12.mp4,2.088,1.765,1.4232,1.883,1.8,3.1589
46-13.mp4,2.2098,1.223,1.2065,1.6612,2.02,3.8876
46-14.mp4,0.65,0.553,1.245,0.26145,0.6263,1.023
46-15.mp4,2.1825,1.2356,1.452,1.7766,2.032,2.9136
47-1.mp4,1.712,1.023,1.6245,1.483,1.545,3.4635
47-2.mp4,1.9281,0.765,1.2656,1.7371,1.265,2.456
47-5.mp4,2.6101,2.656,1.854,2.2749,2.0991,3.8624
47-6.mp4,2.6744,2.945,2.451,2.7769,2.682,4.4101
47-7.mp4,2.9522,2.9456,3,2.9894,3,5
47-8.mp4,3,2.556,2.609,2.7909,2.9142,4.789
47-9.mp4,2.0295,2.968,1.8944,1.3586,1.7056,3.6663
47-10.mp4,2.1781,2.9656,2.8989,2.6295,2.68,4.465
47-11.mp4,2.5644,2.6565,2.563,2.7086,2.6397,4.456
47-12.mp4,2.2023,2.4565,1.9999,1.9563,1.6036,3.6119
47-13.mp4,2.9167,2.8656,1.7026,2.4297,2.789,4.365
47-16.mp4,1.7081,1.817,1.2686,1.3603,1.6065,3.1191
47-17.mp4,2.6301,2.9636,2.88,2.6711,2.96,4.789
47-18.mp4,2.4371,2.481,3,2.3105,2.656,4.956
48-1.mp4,2.2291,1.8466,2.1652,1.8755,2.3949,3.6014
48-2.mp4,1.438,1.5036,0.856,0.94626,1.3056,2.856
48-3.mp4,2.121,3,1.6898,2.3067,2.3584,4.1275
48-4.mp4,2.759,2.1233,1.7565,2.369,2.03,4.1635
48-5.mp4,2.5895,2.8656,2.455,2.3109,2.68,4.2648
48-6.mp4,2.5119,2.05,2.3132,2.0088,2.4056,3.9585
48-7.mp4,2.4811,2.865,2.565,1.9516,2.1427,4.3568
48-8.mp4,2.0775,2.8698,2.0676,1.6244,1.8056,3.6438
48-9.mp4,2.1782,2.03,1.9065,2.0025,2.7065,3.5654
49-1.mp4,2.1889,1.9122,1.805,1.4722,1.7056,3.2967
49-2.mp4,1.8702,2.7565,1.9057,1.7494,2.13,3.4098
49-3.mp4,1.88,1.4566,0.7626,1.6037,1.8474,3.4644
49-4.mp4,1.6735,1.345,1.2327,1.0795,1.356,3.1016
49-5.mp4,1.9727,2.023,1.9045,1.8409,2.3321,3.5244
49-6.mp4,1.6093,1.7065,1.9056,1.7051,1.323,2.5558
49-7.mp4,1.9837,1.065,1.8656,2.0829,1.5656,2.789
49-8.mp4,1.356,0.23265,1.056,1.1617,1.1562,2.588
49-10.mp4,1.7489,0.8565,0.8445,1.6661,1.205,2.345
49-11.mp4,2.5117,2.656,2.4406,2.4787,2.7,4.5
49-12.mp4,2.3144,2.123,1.806,2.0506,2.7056,3.816
49-13.mp4,2.359,2.6565,2.5032,2.4399,2.789,4.2728
49-15.mp4,2.5686,2.8656,1.5342,2.0089,1.9232,3.6467
49-16.mp4,2.4883,2.8656,1.8054,2.2264,2.012,4.1309
49-17.mp4,2.3235,2.8656,2.9466,2.0101,2.856,4.2423
49-18.mp4,2.0187,2.56,1.4659,1.6677,1.9327,3.4562
49-20.mp4,1.7416,1.6856,1.1326,1.2152,1.5656,2.956
49-21.mp4,1.7124,1.125,0.65124,0.87411,1.6556,2.1265
49-22.mp4,2.2866,1.456,1.2656,1.7248,1.655,3.5271
49-23.mp4,1.399,1.6566,0.875,1.2418,1.768,2.4
50-2.mp4,1.7723,0.6565,1.6347,1.3904,1.506,2.9912
50-3.mp4,2.1699,2.9657,3,2.7223,2.96,4.654
50-4.mp4,1.9995,0.8565,1.765,1.8997,1.4056,3.2736
50-5.mp4,1.7918,0.356,2.2072,1.8781,1.7224,3.1558
50-8.mp4,2.1752,1.7656,2.4322,2.383,1.7579,4.0124
50-10.mp4,1.7262,0.5656,1.0207,1.6045,1.45,2.789
50-12.mp4,1.99,1.123,1.8458,1.7622,1.6,3.0987
50-13.mp4,1.8364,1.706,0.4215,1.1248,1.8056,3.1821
50-14.mp4,2.1811,2.686,2.275,2.3744,2.5642,4.3847
50-15.mp4,1.7566,1.3565,1.234,1.2257,1.6891,2.789
50-16.mp4,1.7319,1.9912,1.3032,1.5293,1.7056,3.2627
50-17.mp4,1.7655,1.0656,1.65,1.1948,1.526,3.126
51-2.mp4,2.1915,1.9651,1.546,1.6314,1.556,3.1374
51-3.mp4,1.7697,1.4232,2.356,1.1993,1.4921,2.789
51-4.mp4,2.3626,2.456,2.345,2.1478,2.8056,3.8883
51-5.mp4,1.7044,1.7173,1.7556,1.1339,1.22,2.756
51-6.mp4,2.3532,2.545,1.0656,1.6232,2.08,3.3348
51-7.mp4,1.6145,1.4968,1.5821,1.3746,1.565,3.0158
51-8.mp4,1.6882,0.7565,1.933,1.2416,1.3065,2.3294
51-10.mp4,1.364,1.1223,1.4556,0.96803,1.4032,2.3565
51-11.mp4,2.5794,2.8656,2.9898,2.3904,2.96,4.956
51-12.mp4,2.5725,2.856,2.7345,1.8309,2.5,4.568
51-13.mp4,2.2071,0.23265,2.053,1.7342,2.1391,3.922
51-14.mp4,1.9678,1.8375,2.8455,1.7213,2.8956,3.7317
51-15.mp4,2.3244,1.9737,2.6566,2.3024,2.65,4.3
51-16.mp4,0.96565,1.1266,1.2326,1.105,1.605,2.8
51-17.mp4,2.7365,3,2.3656,2.6871,2.2193,4.225
51-18.mp4,1.354,1.565,1.4026,0.92527,1.2755,2.4
51-20.mp4,2.5427,2.235,2.7545,2.1173,3,4.5
52-1.mp4,1.9432,0.34646,1.3425,1.9073,1.8806,3.2933
52-2.mp4,1.6697,0.12323,1.4268,1.5142,1.3027,2.5014
52-3.mp4,2.2901,0.1656,1.648,2.45,1.9045,3.4381
52-4.mp4,1.45,0.3265,1.1401,1.1239,1.23,2.3413
52-6.mp4,2.4111,1.5454,0.9656,2.3817,2.7729,3.7564
52-7.mp4,2.0039,2.7565,1.761,2.7874,2.5864,4.2413
52-8.mp4,1.8888,2.6734,2.2049,2.7646,2.5892,4.1235
52-9.mp4,1.564,0.52323,1.5626,1.6086,1.523,2.9922
52-11.mp4,1.8927,2.0454,1.8056,2.4772,2.3,3.9734
52-12.mp4,2.476,1.4565,2.3888,2.8331,2,4.5279
52-13.mp4,1.1745,1.1232,0.98515,0.73315,1.5656,2.6898
52-14.mp4,1.9331,2.032,1.8054,2.5098,1.9056,3.8498
52-15.mp4,1.6436,1.756,0.896,1.9897,1.6381,3.342
52-16.mp4,1,0.356,0.854,0.66316,1.532,1.8716
52-17.mp4,0.98219,0.265,1.212,0.37256,1.456,2.6
52-18.mp4,1.26,0.4232,1.1243,0.91091,1.4565,2.2521
52-19.mp4,1.2,0.3454,1.1245,0.82032,1.4232,1.8611
52-20.mp4,0.96264,0.5665,1.6564,0.43563,1.356,2.656
52-21.mp4,1.523,0.62656,1.3942,0.86967,1.245,2.346
52-22.mp4,2.5554,2.1752,2.1545,2.349,2.3,4.2479
53-3.mp4,2.3172,2.8565,1.945,2.2764,2.32,4.0381
53-7.mp4,2.1594,0.756,1.0656,2.2351,1.6065,3.5246
53-8.mp4,1.9892,1.2353,1.752,1.7163,1.656,3.204
53-9.mp4,1.3487,1.2696,1.1218,1.0347,1.789,2.756
53-10.mp4,1.2924,0.4256,1.165,0.94718,1.4565,2.0691
53-11.mp4,1.3138,1.7565,0.8926,1.0857,1.7056,2.7572
53-12.mp4,1.8561,0.656,1.3656,1.4633,1.2557,2.6
53-13.mp4,1.8475,2.7566,1.5656,1.6687,1.685,2.8573
54-1.mp4,1.8449,1.6195,1.054,1.3323,1.6359,2.7
54-2.mp4,1.5867,0.6565,0.4526,1.0915,1.265,2.3465
54-3.mp4,1.9853,2.0265,1.0656,1.9081,1.7379,3.3105
54-4.mp4,1.3483,1.3236,0.6645,0.90213,1.6057,2.456
54-7.mp4,2.666,2.6565,1.6326,2.4852,2.8656,4.2567
54-9.mp4,2.7627,2.9366,1.8525,2.3478,2.6565,4.1419
54-10.mp4,2.5197,3,1.8445,2.635,2.605,4.68
54-11.mp4,2.5677,2.1323,1.745,2.0108,2.203,4.07
54-12.mp4,2.381,2.0121,1.7145,2.1929,2.3116,4.1055
55-1.mp4,2.5159,2.7656,2.3643,2.4917,2.86,4.1528
55-2.mp4,2.6255,2.75,2.45,2.3101,2.012,4.0219
55-3.mp4,2.2904,2.5656,3,2.6081,2.9,4.92
56-3.mp4,2.7726,2.9656,2.0454,2.8252,2.7365,4.789
56-5.mp4,2.3468,1.326,0.756,1.9202,1.9059,3.1511
56-6.mp4,1.9049,2.656,1.6545,2.0865,1.8989,3.2139
56-7.mp4,2.4304,2.688,1.764,2.6126,1.9,4.2412
56-8.mp4,1.4049,1.956,1.4499,1.3194,1.7056,2.9533
56-9.mp4,2.267,2.7565,2.088,2.2869,2.3491,3.7589
56-10.mp4,1.968,1.9825,2.056,1.6486,1.856,3.5233
56-11.mp4,2.3456,2.9454,1.4993,2.0068,2.656,3.6507
56-12.mp4,2.098,2.8566,1.785,1.6677,2.456,3.6737
56-13.mp4,2.693,2.5586,2.9989,2.4551,2.85,4.2333
57-1.mp4,1.9309,2.0332,2.0581,2.0376,2.0274,3.6689
57-3.mp4,2.1694,1.956,1.6672,2.0617,1.9897,3.7738
57-4.mp4,1.8044,1.056,0.456,1.1439,1.3028,2.656
57-5.mp4,1.9296,1.023,1.2656,1.9383,1.8416,3.3839
57-6.mp4,2.5377,1.6565,1.98,2.1874,2.5966,3.9983
57-7.mp4,1.9202,0.9523,1.8698,1.8967,1.85,3.6715
57-8.mp4,2.4624,2.4565,2.0005,2.2462,2.5807,3.8812
57-9.mp4,2.3584,2.4565,2.3861,2.2791,2.4039,4.2379
58-2.mp4,2.6599,3,2.0221,2.8724,2.78,4.689
58-3.mp4,2.3735,2.4565,1.8045,1.9022,2.7,4.1394
58-4.mp4,2.3878,3,2.345,2.0529,2.76,4.656
58-5.mp4,2.4834,2.399,2.454,1.7183,2.123,3.7412
59-1.mp4,2.1987,2.7565,2.2387,2.4516,2.3177,3.766
59-2.mp4,2.0997,2.8656,1.7823,1.9212,2.345,3.7573
59-3.mp4,2.1525,1.7592,1.3266,1.7504,2.0998,3.6427
59-4.mp4,2.5554,2.4565,2.2695,2.385,2.4293,4.5701
59-6.mp4,1.3873,1.8566,1.7656,0.83742,1.2656,2.89
59-7.mp4,1.6184,1.0656,1.356,1.008,1.6744,3.1041
59-8.mp4,1.4099,0.856,1.653,1.0629,1.9899,3.065
59-10.mp4,1.9089,1.2623,1.0656,1.0959,1.6338,3.154
60-2.mp4,1.8064,1.5314,1.7807,0.96611,1.545,2.9935
60-6.mp4,2.2274,1.8822,2.0448,2.2229,2.032,3.5462
60-8.mp4,1.4125,1.1265,1.325,0.87709,0.985,2.0245
60-9.mp4,2.8859,2.656,2.8454,2.6482,2.6,4.756
60-10.mp4,1.4745,0.6856,0.93155,1.1279,1.4026,2.87
60-11.mp4,2.6431,2.6898,1.845,2.5656,2.8,3.8917
60-12.mp4,2.4115,1.3256,1.6933,1.9266,1.9719,3.6092
60-13.mp4,2.2458,2.8565,0.8456,2.1076,1.8656,3.3762
61-1.mp4,2.185,2.356,1.7056,1.9017,1.89,3.4229
61-2.mp4,1.5221,0.7265,0.713,1.1197,1.3897,2.7511
61-3.mp4,1.1342,0.81204,1.4565,0.78258,1.465,2.7898
61-4.mp4,2.3937,2.865,1.8056,2.1945,2.3345,3.8737
61-5.mp4,2.4422,2.956,1.9055,1.8302,2.423,4.889
61-6.mp4,2.6971,2.4565,2.2153,2.2939,2.4753,4.3376
61-7.mp4,2.6883,3,2.756,2.7706,2.89,4.7365
61-8.mp4,2.5804,2.3721,2.2067,2.3479,2.3838,3.8707
61-9.mp4,2.1338,1.4233,1.3656,1.6736,2.323,3.5926
62-1.mp4,1.0773,1.565,0.91434,0.55838,1.233,2.4565
62-2.mp4,2.4151,1.956,1.8045,2.1529,1.89,4.0283
62-4.mp4,2.2598,1.7656,2.2368,1.9933,2.2982,4.689
62-6.mp4,2.3024,2.3265,2.656,1.6519,2.788,4.2959
62-7.mp4,2.7086,1.856,1.905,2.1919,2.586,3.6357
62-9.mp4,2.5107,2.656,2.9898,2.2564,2.856,4.656
62-10.mp4,2.2679,2.688,2.905,2.3408,2.4056,4.236
63-1.mp4,2.4001,1.6836,1.965,1.5157,1.76,3.5151
63-2.mp4,1.7575,1.4565,1.8926,1.5521,1.7567,3.1467
63-3.mp4,3,3,2.856,3,2.9336,5
63-4.mp4,2.5841,1.9898,2.9174,2.9162,2.8612,4.7149
63-5.mp4,2.1685,1.7521,1.8652,1.5511,2.03,3.8567
63-6.mp4,1.5668,1.5389,1.1656,1.2004,1.7066,2.7609
64-3.mp4,2.4936,3,2.0638,2.5464,2.96,4.6
64-4.mp4,1.6548,2.107,1.7057,1.9171,1.405,2.9482
64-5.mp4,1.6598,1.956,1.6565,1.4174,1.7057,3.1502
64-6.mp4,2.3869,1.756,2.865,1.5863,1.8881,3.8023
64-7.mp4,2.5503,1.8455,2.1686,2.3331,2.3658,4.0813
64-10.mp4,2.0051,0.45656,2.55,1.5573,2.123,3.7031
64-11.mp4,1.9579,2.1333,1.845,1.8707,2.756,3.3407
64-13.mp4,2.2603,2.4565,2.7545,2.2205,2.464,4.0058
64-14.mp4,1.8365,1.656,1.594,1.5538,1.8656,2.9905
64-15.mp4,2.2679,2.5565,2.2018,2.1652,2.5065,4.89
64-16.mp4,1.9831,2.765,1.9205,1.8843,1.7634,3.561
64-17.mp4,1.768,1.765,1.5211,1.2482,1.3056,2.235
64-18.mp4,1.9093,1.8489,1.5226,1.9923,2.56,3.4452
64-19.mp4,2.108,1.765,2.356,1.7865,1.9161,3.5253
64-20.mp4,1.982,1.656,1.9854,1.5361,1.8565,3.3848
64-21.mp4,1.5507,0.8565,1.6584,1.3251,1.5056,3.0656
64-22.mp4,2.3056,1.56,1.665,1.7401,2.123,3.3197
64-23.mp4,1.9655,0.7565,1.8659,1.8272,2.56,3.475
64-24.mp4,2.306,0.4565,2.0656,2.3885,2.1912,3.7298
64-25.mp4,1.4526,1.565,1.4536,1.3522,1.5056,2.9838
64-26.mp4,2.0137,2.3504,2.9223,2.6349,2.865,3.9109
64-27.mp4,1.72,2.12,2.6565,2.5972,2.356,4.1849
64-28.mp4,2.0813,0.0256,3,1.9532,1.9948,3.786
64-29.mp4,1.9768,1.656,1.9826,1.9086,2.123,3.389
64-30.mp4,1.7799,1.0565,1.5845,1.521,1.3402,2.7567
64-31.mp4,2.3583,1.123,1.698,1.8904,1.9742,3.7801
64-35.mp4,2.0194,0.326,2.755,1.8276,2.677,3.5233
64-36.mp4,1.7411,1.345,1.9656,2.0428,2.0416,3.208
64-39.mp4,1.71,1.756,1.845,1.8737,1.6035,2.8805
64-40.mp4,1.9714,0,2.0656,2.3849,1.756,2.98
64-41.mp4,1.4545,0.0323,0.9554,1.579,1.2356,2.4865
65-3.mp4,2.6271,2.2301,1.8752,2.6775,2.865,4.398
65-4.mp4,1.5009,1.0656,0.842,0.88865,0.7065,2.3919
65-9.mp4,2.5,2.4811,2.8754,2.4666,2.7056,4.689
65-10.mp4,2.221,2.456,2.865,2.0326,2.8659,4.2018
65-11.mp4,1.5655,2.8565,2.656,1.9356,2.856,4.656
65-2_1.mp4,2.4909,1.756,1.6965,2.3372,2.3299,3.9204
66-1.mp4,2.0828,2.9668,1.9506,1.6283,2.098,3.6961
66-2.mp4,2.1768,2.565,1.8302,1.9759,2.0517,3.7001
66-3.mp4,1.7468,1.6491,1.1235,1.2485,1.6506,3.1415
66-4.mp4,2.2849,2.044,1.8656,2.0235,2.3342,3.421
66-6.mp4,1.8638,1.8079,0.8956,1.2685,1.565,3.0791
66-7.mp4,2.4478,2.8565,1.9238,2.3024,2.856,4.3755
66-8.mp4,1.9576,2.865,2.0656,1.3785,2.52,3.0111
66-10.mp4,1.5193,0.75566,1.2535,0.83359,1.3855,2.789
66-11.mp4,1.9743,2.9545,2.8454,2.195,3,4.789
66-12.mp4,2.4104,3,2.989,2.5278,2.5,4.7016
67-2.mp4,2.7396,1.8279,1.3656,2.0209,1.68,3.0965
67-3.mp4,2.2488,2.65,1.3545,1.7941,1.8,3.6253
67-4.mp4,2.5652,1.4656,0.754,1.6959,1.482,2.789
67-5.mp4,1.9593,2.0685,1.6422,2.0172,1.7056,3.0821
67-6.mp4,1.5033,1.3809,1.1265,1.1104,1.6805,2.8301
67-9.mp4,2.1138,2.756,1.36,2.1241,2.56,3.3949
67-6_1.mp4,1.7265,2.2323,0.982,1.5031,1.5134,2.6898
68-1.mp4,1.7211,0.265,1.893,1.1194,1.456,2.456
68-2.mp4,2.3585,0.0232,1.539,2.0791,1.3506,2.6
68-3.mp4,1.9074,0.3565,1.9017,2.2915,1.3056,2.789
68-4.mp4,2.1509,0.658,1.7195,2.017,1.967,3.625
68-5.mp4,2.1333,0.32656,1.4506,1.8187,1.845,3.3698
68-6.mp4,1.9499,0.2356,1.7487,1.5376,1.5821,3.1246
68-7.mp4,1.96,0.2356,1.3456,1.6638,1.6232,3.2186
68-8.mp4,2.0145,1.232,1.0565,2.031,1.9056,3.3848
68-9.mp4,1.7374,0.12356,0.6548,1.8176,2.456,2.656
68-11.mp4,2.0025,2.1235,1.86,1.7212,1.8126,3.514
68-12.mp4,1.6112,1.3265,0.6589,1.7414,1.8726,3.2461
68-13.mp4,2.3058,2.656,1.3565,2.2743,1.98,3.986
68-14.mp4,2.0408,2.0256,1.7782,1.9316,2.023,3.4833
68-15.mp4,2.1737,1.4565,1.463,1.9885,2.165,3.1824
68-16.mp4,2.0422,2.3565,2.3356,2.4285,2.0918,3.6488
68-17.mp4,2.4412,0.4656,2.75,2.5363,2.1582,4.2633
68-18.mp4,1.6188,1.784,0.6545,2.1445,1.6054,2.9232
68-19.mp4,2.0365,1.756,1.3574,1.7005,1.7116,3.5176
68-20.mp4,2.2478,1.6565,1.8045,2.0478,2.1472,3.9898
68-21.mp4,1.9686,1.356,1.8956,1.8823,1.7856,3.3487
68-22.mp4,1.9129,1.754,1.9026,1.5321,1.989,3.628
68-23.mp4,1.4548,0.565,1.268,1.1377,1.1656,2.25
68-24.mp4,2.3537,2.35,1.4565,1.9497,1.906,4.1235
69-1.mp4,1.4466,0.9265,1.0656,1.0353,1.3065,2.4269
69-3.mp4,2.3119,1.765,1.905,1.7795,2.1518,3.6377
69-4.mp4,2.3758,2.656,2.4545,2.2702,2.123,4.365
69-5.mp4,2.9282,3,2.9598,3,2.9896,5
69-6.mp4,2.1999,2.936,2.565,2.3891,3,4.5
69-7.mp4,2.4756,2.9989,2.565,2.6297,2.86,4.56
69-8.mp4,1.3002,1.8365,1.7537,1.3245,1.5898,2.8056
70-1.mp4,1.5286,0.856,0.845,1.3758,1.4144,3.121
70-2.mp4,1.412,0.656,0.97409,1.1657,1.656,2.3038
70-3.mp4,2.1308,2.945,2.3454,2.1605,2.5,4.79
70-5.mp4,2.299,1.5656,1.8923,2.1692,1.7056,3.793
70-6.mp4,2.7122,2.7656,1.7741,2.7706,2.5624,4.3056
70-8.mp4,1.8182,1.8656,1.6656,2.0136,1.756,2.8573
70-10.mp4,2.6748,2.156,1.9045,2.7837,2.5444,4.35
70-11.mp4,1.2,1.0656,0.744,0.40875,1.4057,2.2924
70-13.mp4,2.4123,2.2264,2.2543,2.6257,2.456,4.123
70-14.mp4,1.3969,0.4565,0.845,0.90799,1.3263,2.6564
70-15.mp4,2.5755,1.9206,1.3266,1.7563,1.8378,3.4537
70-16.mp4,1.9702,1.656,1.642,1.3449,1.5026,2.6833
70-17.mp4,1.8608,1.3656,1.3564,1.5216,1.7236,3.3202
70-18.mp4,2.0454,1.456,1.9065,1.927,2.3,2.9762
70-19.mp4,1.9178,2.123,1.8926,1.8915,1.7856,3.417
70-20.mp4,2.343,2.456,1.865,2.2641,2.0641,3.7502
71-1.mp4,2.0507,2.6565,1.51,1.8837,1.625,3.5877
71-2.mp4,2.5722,2.6066,2.4656,2.3569,2.5,4.5848
71-3.mp4,2.1361,1.9764,2.1299,1.7304,1.756,3.6135
71-4.mp4,2.4858,2.6686,2.85,2.3303,2.856,4.3053
71-5.mp4,2.4647,2.865,2.1848,2.1434,2.7056,4.6598
72-1.mp4,1.9322,2.6568,1.8066,2.6008,2.2254,4.0911
72-2.mp4,2.166,1.656,1.7056,1.7607,1.6401,3.5037
72-3.mp4,2.0966,0.9565,1.453,1.4265,2.656,3.4107
72-4.mp4,2.0052,0.865,1.2166,1.5666,1.555,3.1239
72-5.mp4,2.2943,2.9856,1.9992,1.9309,2.456,4.3852
72-6.mp4,2.2037,2.756,2.898,2.2528,2.6056,4.2667
72-7.mp4,2.5518,2.2233,2.895,2.7145,2.7056,4.8049
72-8.mp4,2.0409,2.123,1.8027,1.8861,2.0434,3.8893
72-9.mp4,2.3848,2.8565,2.1545,2.115,2.5056,3.8086
72-10.mp4,2.1506,0.6565,1.765,1.9161,1.8,3.8733
72-11.mp4,2.7673,2.9656,1.8565,2.3953,2.95,4.5097
72-12.mp4,2.3553,1.8657,1.5518,2.0911,2.0359,3.691
73-1.mp4,2.3309,0.4656,1.8012,2.2832,1.89,3.6402
73-2.mp4,2.5175,0.7454,1.8454,2.7785,2.6056,3.9065
73-4.mp4,2.3892,0.899,1.9405,2.175,1.86,3.5839
73-5.mp4,2.247,1.756,0.8963,2.038,1.7422,3.4237
73-6.mp4,2.3079,1.423,0.8929,2.0629,1.9495,3.7454
73-7.mp4,1.7437,0.645,1.126,1.4294,1.365,2.6221
73-8.mp4,1.4952,0.3265,0.6565,1.0838,1.356,2.8669
73-9.mp4,1.9193,0.84566,0.6454,1.4659,1.5043,2.845
73-10.mp4,1.8748,0.3265,1.9345,2.2824,1.7856,3.4176
73-11.mp4,2.0549,1.456,1.955,2.5081,2.35,3.7836
73-12.mp4,2.1316,0.1326,2.3032,2.3165,1.7056,3.6521
73-13.mp4,2.6167,1.45,2.8402,2.9046,2.765,4.325
73-15.mp4,1.911,2.656,1.65,1.674,2.123,3.6409
73-16.mp4,2.1363,0.7565,1.056,1.7911,1.7015,3.1978
