feature_combination,features,feature_count,label,model,train_samples,test_samples,PLCC,SRCC,KRCC,RMSE
level1_U1,"U1_1, U1_2, U1_3, U1_4, U1_5...",256,TSV,mlp_regressor,800,200,0.69864688104141,0.680523616663908,0.4890724416987622,0.5020310812102218
level1_U1,"U1_1, U1_2, U1_3, U1_4, U1_5...",256,TSV,ridge_regressor,800,200,0.722970579334298,0.7300118658365818,0.5398760173560438,0.46748055201733785
level1_U1,"U1_1, U1_2, U1_3, U1_4, U1_5...",256,TSV,decision_tree_regressor,800,200,0.5423828090649079,0.48619781558510794,0.3500069451168764,0.5851251623052864
level1_U1,"U1_1, U1_2, U1_3, U1_4, U1_5...",256,TSV,random_forest_regressor,800,200,0.7489779865592525,0.7006771344231076,0.5194539859532158,0.4460447691801351
level1_U1,"U1_1, U1_2, U1_3, U1_4, U1_5...",256,TSV,extra_trees_regressor,800,200,0.7351020051660188,0.6822592043116485,0.5027541967272579,0.45552009415620304
level1_U1,"U1_1, U1_2, U1_3, U1_4, U1_5...",256,TSV,gradient_boosting_regressor,800,200,0.7779282177101188,0.735738405028673,0.5510427438866542,0.4166379352547159
level1_U1,"U1_1, U1_2, U1_3, U1_4, U1_5...",256,TSV,adaboost_regressor,800,200,0.7773742282905993,0.7414490592591645,0.5580657859461354,0.42129112017714326
level1_U1,"U1_1, U1_2, U1_3, U1_4, U1_5...",256,TSV,xgboost_regressor,800,200,0.7644638242542015,0.7172424709779895,0.5316267238829803,0.42791811333162
level1_U1,"U1_1, U1_2, U1_3, U1_4, U1_5...",256,TSV,catboost_regressor,800,200,0.7884882832103498,0.7533035420738049,0.5647244989151499,0.40829967483374113
level1_U1,"U1_1, U1_2, U1_3, U1_4, U1_5...",256,B,mlp_regressor,800,200,0.608633659778946,0.5864775483325168,0.4173781267873577,0.6697870185546391
level1_U1,"U1_1, U1_2, U1_3, U1_4, U1_5...",256,B,ridge_regressor,800,200,0.6010681096680879,0.5613821004864612,0.39338971959697105,0.6514457647877889
level1_U1,"U1_1, U1_2, U1_3, U1_4, U1_5...",256,B,decision_tree_regressor,800,200,0.4149270146872383,0.38859612548217964,0.26851512647420495,0.7867928811474657
level1_U1,"U1_1, U1_2, U1_3, U1_4, U1_5...",256,B,random_forest_regressor,800,200,0.5892662145125303,0.5407661341999191,0.37847255882311714,0.6644248963052355
level1_U1,"U1_1, U1_2, U1_3, U1_4, U1_5...",256,B,extra_trees_regressor,800,200,0.5926569729601607,0.5409161503271634,0.3762551430324092,0.6636526974301163
level1_U1,"U1_1, U1_2, U1_3, U1_4, U1_5...",256,B,gradient_boosting_regressor,800,200,0.618555101192725,0.5710206366619047,0.4117337956837373,0.637391953770497
level1_U1,"U1_1, U1_2, U1_3, U1_4, U1_5...",256,B,adaboost_regressor,800,200,0.5901809663095278,0.5646791926546121,0.4044323024188452,0.6624812241977034
level1_U1,"U1_1, U1_2, U1_3, U1_4, U1_5...",256,B,xgboost_regressor,800,200,0.6265346950532253,0.5968751661118162,0.43572220287412394,0.632089893756882
level1_U1,"U1_1, U1_2, U1_3, U1_4, U1_5...",256,B,catboost_regressor,800,200,0.6356483335696881,0.6059046368106481,0.43380716196396707,0.6258523529161323
level1_U1,"U1_1, U1_2, U1_3, U1_4, U1_5...",256,SR,mlp_regressor,800,200,0.5488811389125128,0.5239966369051594,0.3689925896638635,0.6312639064392123
level1_U1,"U1_1, U1_2, U1_3, U1_4, U1_5...",256,SR,ridge_regressor,800,200,0.5819804666793279,0.5834615249167086,0.41353311206743065,0.5583998285997307
level1_U1,"U1_1, U1_2, U1_3, U1_4, U1_5...",256,SR,decision_tree_regressor,800,200,0.3977107964424795,0.37282158428613693,0.2581371036101519,0.687387148572131
level1_U1,"U1_1, U1_2, U1_3, U1_4, U1_5...",256,SR,random_forest_regressor,800,200,0.6534876219041962,0.6438961937188199,0.4608888367899591,0.5466604705804103
level1_U1,"U1_1, U1_2, U1_3, U1_4, U1_5...",256,SR,extra_trees_regressor,800,200,0.6644400517648238,0.663517566697859,0.4819023112422065,0.549689534181304
level1_U1,"U1_1, U1_2, U1_3, U1_4, U1_5...",256,SR,gradient_boosting_regressor,800,200,0.6331078544419873,0.6174623544438207,0.44078024879737804,0.529091061213787
level1_U1,"U1_1, U1_2, U1_3, U1_4, U1_5...",256,SR,adaboost_regressor,800,200,0.6273277323347747,0.6237689893924181,0.4522205976180216,0.5335764875045865
level1_U1,"U1_1, U1_2, U1_3, U1_4, U1_5...",256,SR,xgboost_regressor,800,200,0.6076369618565091,0.5947598836398554,0.42258197666409214,0.5410331780039103
level1_U1,"U1_1, U1_2, U1_3, U1_4, U1_5...",256,SR,catboost_regressor,800,200,0.6148834747699788,0.6050097090720464,0.43494875827952956,0.5364620307291249
level1_U1,"U1_1, U1_2, U1_3, U1_4, U1_5...",256,S,mlp_regressor,800,200,0.7562281550220934,0.7684397873247397,0.5681692554538584,0.539626706709355
level1_U1,"U1_1, U1_2, U1_3, U1_4, U1_5...",256,S,ridge_regressor,800,200,0.764876948842455,0.7848052087343457,0.5864616319782883,0.5082450032754967
level1_U1,"U1_1, U1_2, U1_3, U1_4, U1_5...",256,S,decision_tree_regressor,800,200,0.5316989980396192,0.5187069885803216,0.36384987020760506,0.6955010637101731
level1_U1,"U1_1, U1_2, U1_3, U1_4, U1_5...",256,S,random_forest_regressor,800,200,0.7613366970089812,0.7548524374504767,0.5564098705452963,0.5187273409730453
level1_U1,"U1_1, U1_2, U1_3, U1_4, U1_5...",256,S,extra_trees_regressor,800,200,0.7544921548537286,0.7478862580713557,0.5496758638027863,0.5259868530385035
level1_U1,"U1_1, U1_2, U1_3, U1_4, U1_5...",256,S,gradient_boosting_regressor,800,200,0.7963621973009422,0.8026601684995648,0.6006331984065554,0.47446731669336956
level1_U1,"U1_1, U1_2, U1_3, U1_4, U1_5...",256,S,adaboost_regressor,800,200,0.799136315935886,0.7958214907468919,0.5893543557898522,0.4817359763360558
level1_U1,"U1_1, U1_2, U1_3, U1_4, U1_5...",256,S,xgboost_regressor,800,200,0.8065956888368648,0.8034251881988221,0.6045529933760762,0.46523847098591853
level1_U1,"U1_1, U1_2, U1_3, U1_4, U1_5...",256,S,catboost_regressor,800,200,0.7943248655617057,0.7871130181604391,0.5867631546682515,0.47706377324697474
level1_U1,"U1_1, U1_2, U1_3, U1_4, U1_5...",256,U,mlp_regressor,800,200,0.6557261114432641,0.6805795202515916,0.48569007643433465,0.6188807549569533
level1_U1,"U1_1, U1_2, U1_3, U1_4, U1_5...",256,U,ridge_regressor,800,200,0.692945836813119,0.7199187265963084,0.5250241319202139,0.5635394220158056
level1_U1,"U1_1, U1_2, U1_3, U1_4, U1_5...",256,U,decision_tree_regressor,800,200,0.4326888333278158,0.3963149845465236,0.28168933740414814,0.728697146494766
level1_U1,"U1_1, U1_2, U1_3, U1_4, U1_5...",256,U,random_forest_regressor,800,200,0.7162528095449117,0.7039940358601593,0.5157690600411835,0.5687436705982433
level1_U1,"U1_1, U1_2, U1_3, U1_4, U1_5...",256,U,extra_trees_regressor,800,200,0.7106481093778911,0.6982832881555133,0.5118457143533336,0.5763193384781616
level1_U1,"U1_1, U1_2, U1_3, U1_4, U1_5...",256,U,gradient_boosting_regressor,800,200,0.7197990778289791,0.7035897683249867,0.5162720530780872,0.5464804205560088
level1_U1,"U1_1, U1_2, U1_3, U1_4, U1_5...",256,U,adaboost_regressor,800,200,0.7305766037600936,0.729289519235292,0.5389982109325587,0.5410198851144239
level1_U1,"U1_1, U1_2, U1_3, U1_4, U1_5...",256,U,xgboost_regressor,800,200,0.7478980677407594,0.7421609413561288,0.5501737837654052,0.5240212697520984
level1_U1,"U1_1, U1_2, U1_3, U1_4, U1_5...",256,U,catboost_regressor,800,200,0.7330811770744893,0.739559078499888,0.543836071500417,0.534360052617667
level1_U1,"U1_1, U1_2, U1_3, U1_4, U1_5...",256,O,mlp_regressor,800,200,0.6900255570144566,0.7006314488941461,0.5104212196159317,0.8291326839285904
level1_U1,"U1_1, U1_2, U1_3, U1_4, U1_5...",256,O,ridge_regressor,800,200,0.7146911538859151,0.7351357514343717,0.5335513310358242,0.7592774624812695
level1_U1,"U1_1, U1_2, U1_3, U1_4, U1_5...",256,O,decision_tree_regressor,800,200,0.5774465704710621,0.5639928105053774,0.40117872125019943,0.9314569791542828
level1_U1,"U1_1, U1_2, U1_3, U1_4, U1_5...",256,O,random_forest_regressor,800,200,0.7255922626415022,0.7111048442656728,0.524098155064216,0.7627512434720808
level1_U1,"U1_1, U1_2, U1_3, U1_4, U1_5...",256,O,extra_trees_regressor,800,200,0.7231526898250658,0.7057848934370966,0.5218857096240522,0.7688127407683285
level1_U1,"U1_1, U1_2, U1_3, U1_4, U1_5...",256,O,gradient_boosting_regressor,800,200,0.7737497183471327,0.760367453933192,0.5652295271108942,0.6905738614820116
level1_U1,"U1_1, U1_2, U1_3, U1_4, U1_5...",256,O,adaboost_regressor,800,200,0.7279480890161637,0.7325074854547593,0.542663043839787,0.7425748604571786
level1_U1,"U1_1, U1_2, U1_3, U1_4, U1_5...",256,O,xgboost_regressor,800,200,0.7715430253705009,0.7608489721105424,0.5615085961433463,0.6997824557553799
level1_U1,"U1_1, U1_2, U1_3, U1_4, U1_5...",256,O,catboost_regressor,800,200,0.7712357953002398,0.7565385593921119,0.5620114246524744,0.691072537680508
level1_S1,"S1_1, S1_2, S1_3, S1_4, S1_5...",256,TSV,mlp_regressor,800,200,0.8074700415705595,0.7684588074196325,0.5835369120793314,0.403225133551099
level1_S1,"S1_1, S1_2, S1_3, S1_4, S1_5...",256,TSV,ridge_regressor,800,200,0.7979093280061371,0.7512221869646952,0.5669377239932889,0.4023420518117516
level1_S1,"S1_1, S1_2, S1_3, S1_4, S1_5...",256,TSV,decision_tree_regressor,800,200,0.6643417808653178,0.5941527250263863,0.4281470589453125,0.5278238281359842
level1_S1,"S1_1, S1_2, S1_3, S1_4, S1_5...",256,TSV,random_forest_regressor,800,200,0.7493171757000852,0.6867069289231875,0.5102992822209136,0.4417322259508662
level1_S1,"S1_1, S1_2, S1_3, S1_4, S1_5...",256,TSV,extra_trees_regressor,800,200,0.7435875725948798,0.6738302786481619,0.4969193306121641,0.4457229721368438
level1_S1,"S1_1, S1_2, S1_3, S1_4, S1_5...",256,TSV,gradient_boosting_regressor,800,200,0.7836475597865132,0.739357337785954,0.5574812168412404,0.41342041510484784
level1_S1,"S1_1, S1_2, S1_3, S1_4, S1_5...",256,TSV,adaboost_regressor,800,200,0.7841914900030403,0.7346567574251771,0.555426869984126,0.4120583170124402
level1_S1,"S1_1, S1_2, S1_3, S1_4, S1_5...",256,TSV,xgboost_regressor,800,200,0.7882132665788761,0.7434367937998091,0.5627124761168417,0.4088536929436119
level1_S1,"S1_1, S1_2, S1_3, S1_4, S1_5...",256,TSV,catboost_regressor,800,200,0.789045404500401,0.7447126082288527,0.5649257011949808,0.40826702945413396
level1_S1,"S1_1, S1_2, S1_3, S1_4, S1_5...",256,B,mlp_regressor,800,200,0.6542766669886115,0.6205762140551364,0.4432815748879013,0.6164908509850767
level1_S1,"S1_1, S1_2, S1_3, S1_4, S1_5...",256,B,ridge_regressor,800,200,0.6515659061247151,0.6070387587326147,0.430481038277905,0.616199225166155
level1_S1,"S1_1, S1_2, S1_3, S1_4, S1_5...",256,B,decision_tree_regressor,800,200,0.5463797454974748,0.5211479784063168,0.36767464258034555,0.7167648138894835
level1_S1,"S1_1, S1_2, S1_3, S1_4, S1_5...",256,B,random_forest_regressor,800,200,0.558342172311681,0.5231827439256198,0.36355539804926323,0.6726805128781687
level1_S1,"S1_1, S1_2, S1_3, S1_4, S1_5...",256,B,extra_trees_regressor,800,200,0.5416174288332894,0.5149911132974471,0.3589189832141465,0.6818096845192689
level1_S1,"S1_1, S1_2, S1_3, S1_4, S1_5...",256,B,gradient_boosting_regressor,800,200,0.6371800659229657,0.608429408232169,0.4367301191426276,0.6273567289003552
level1_S1,"S1_1, S1_2, S1_3, S1_4, S1_5...",256,B,adaboost_regressor,800,200,0.6426515415692883,0.6161955383521093,0.44712029734884007,0.6372572673294096
level1_S1,"S1_1, S1_2, S1_3, S1_4, S1_5...",256,B,xgboost_regressor,800,200,0.646680586405483,0.603985930543194,0.4348150782324707,0.6183770796872228
level1_S1,"S1_1, S1_2, S1_3, S1_4, S1_5...",256,B,catboost_regressor,800,200,0.6455175379195397,0.5929394930135632,0.42735649784554375,0.6192710140199479
level1_S1,"S1_1, S1_2, S1_3, S1_4, S1_5...",256,SR,mlp_regressor,800,200,0.5943686200413865,0.5958834193121386,0.4271064089624229,0.5551776857818191
level1_S1,"S1_1, S1_2, S1_3, S1_4, S1_5...",256,SR,ridge_regressor,800,200,0.5775637302355976,0.578432615248712,0.4167504861462436,0.554886239455553
level1_S1,"S1_1, S1_2, S1_3, S1_4, S1_5...",256,SR,decision_tree_regressor,800,200,0.3919367568448222,0.38328397445921353,0.26796077213197506,0.6711675142933661
level1_S1,"S1_1, S1_2, S1_3, S1_4, S1_5...",256,SR,random_forest_regressor,800,200,0.5350979777707581,0.5222910827537763,0.3677860743843086,0.575956263382577
level1_S1,"S1_1, S1_2, S1_3, S1_4, S1_5...",256,SR,extra_trees_regressor,800,200,0.5133606733871069,0.504915281071677,0.3534084339696131,0.5833306740639759
level1_S1,"S1_1, S1_2, S1_3, S1_4, S1_5...",256,SR,gradient_boosting_regressor,800,200,0.5869224163820781,0.5697893408245522,0.40327773219121427,0.5519747180190467
level1_S1,"S1_1, S1_2, S1_3, S1_4, S1_5...",256,SR,adaboost_regressor,800,200,0.5067817846421178,0.4935030162945278,0.34601965621933084,0.5875786196708105
level1_S1,"S1_1, S1_2, S1_3, S1_4, S1_5...",256,SR,xgboost_regressor,800,200,0.5546185583302096,0.518393959020009,0.365272500885236,0.5648783333570915
level1_S1,"S1_1, S1_2, S1_3, S1_4, S1_5...",256,SR,catboost_regressor,800,200,0.5901742994626472,0.5735492102004904,0.4055902198103611,0.5486156467269643
level1_S1,"S1_1, S1_2, S1_3, S1_4, S1_5...",256,S,mlp_regressor,800,200,0.7776132275241346,0.7800950874487212,0.5815367613755571,0.49920056332645435
level1_S1,"S1_1, S1_2, S1_3, S1_4, S1_5...",256,S,ridge_regressor,800,200,0.7606824286795746,0.7565174803253312,0.5585205293750382,0.5107896455987317
level1_S1,"S1_1, S1_2, S1_3, S1_4, S1_5...",256,S,decision_tree_regressor,800,200,0.6799629733743137,0.6585053726948273,0.48871954348322993,0.6121501758241519
level1_S1,"S1_1, S1_2, S1_3, S1_4, S1_5...",256,S,random_forest_regressor,800,200,0.7331276556663933,0.7264402058355046,0.5287702906320094,0.5347699329844496
level1_S1,"S1_1, S1_2, S1_3, S1_4, S1_5...",256,S,extra_trees_regressor,800,200,0.7292451097150672,0.7188447602527788,0.523443389775994,0.5376255007948081
level1_S1,"S1_1, S1_2, S1_3, S1_4, S1_5...",256,S,gradient_boosting_regressor,800,200,0.7435613245689311,0.7377287465154302,0.5392230772173978,0.5253390277754202
level1_S1,"S1_1, S1_2, S1_3, S1_4, S1_5...",256,S,adaboost_regressor,800,200,0.6967634196295619,0.6920804719674346,0.4970266101832344,0.5627282855533058
level1_S1,"S1_1, S1_2, S1_3, S1_4, S1_5...",256,S,xgboost_regressor,800,200,0.7379877845565169,0.7356518439044738,0.5374776994937494,0.5296061692339181
level1_S1,"S1_1, S1_2, S1_3, S1_4, S1_5...",256,S,catboost_regressor,800,200,0.7444064200413875,0.736339710747759,0.5354037898111982,0.523538045512279
level1_S1,"S1_1, S1_2, S1_3, S1_4, S1_5...",256,U,mlp_regressor,800,200,0.7524401046790548,0.7416291682903823,0.5497713893358821,0.5154827136630202
level1_S1,"S1_1, S1_2, S1_3, S1_4, S1_5...",256,U,ridge_regressor,800,200,0.7390185143929321,0.7330877978069954,0.5379007536649518,0.5253868881585539
level1_S1,"S1_1, S1_2, S1_3, S1_4, S1_5...",256,U,decision_tree_regressor,800,200,0.5569515656783077,0.4850115168248319,0.3475357167054671,0.6662413976293408
level1_S1,"S1_1, S1_2, S1_3, S1_4, S1_5...",256,U,random_forest_regressor,800,200,0.6872759795970205,0.6590295855195345,0.47874877252506187,0.5661895934866252
level1_S1,"S1_1, S1_2, S1_3, S1_4, S1_5...",256,U,extra_trees_regressor,800,200,0.6788953732963406,0.6455665015559946,0.4681859187500815,0.5723098648538917
level1_S1,"S1_1, S1_2, S1_3, S1_4, S1_5...",256,U,gradient_boosting_regressor,800,200,0.7009494600918876,0.674970776971405,0.4909212040181345,0.5554076947016725
level1_S1,"S1_1, S1_2, S1_3, S1_4, S1_5...",256,U,adaboost_regressor,800,200,0.6681845649852725,0.6581692094344094,0.47382048309094765,0.5803337098445929
level1_S1,"S1_1, S1_2, S1_3, S1_4, S1_5...",256,U,xgboost_regressor,800,200,0.7076493117398083,0.6868115405665248,0.5003774731119264,0.5521242271045154
level1_S1,"S1_1, S1_2, S1_3, S1_4, S1_5...",256,U,catboost_regressor,800,200,0.7274968527789296,0.7020169501037308,0.518988215477368,0.5369299931134967
level1_S1,"S1_1, S1_2, S1_3, S1_4, S1_5...",256,O,mlp_regressor,800,200,0.7884298025519346,0.7728951768557507,0.5826273935267264,0.6663457318637894
level1_S1,"S1_1, S1_2, S1_3, S1_4, S1_5...",256,O,ridge_regressor,800,200,0.7718846373185578,0.7605879622573991,0.5652295271108942,0.6870376155568134
level1_S1,"S1_1, S1_2, S1_3, S1_4, S1_5...",256,O,decision_tree_regressor,800,200,0.5988057789322482,0.5655371358605443,0.40785888601907955,0.8902008748606988
level1_S1,"S1_1, S1_2, S1_3, S1_4, S1_5...",256,O,random_forest_regressor,800,200,0.7138425168272099,0.6915216049967986,0.5080076427721167,0.7555995542061921
level1_S1,"S1_1, S1_2, S1_3, S1_4, S1_5...",256,O,extra_trees_regressor,800,200,0.7133261897287567,0.6867071732516088,0.5028787919790102,0.756312043524284
level1_S1,"S1_1, S1_2, S1_3, S1_4, S1_5...",256,O,gradient_boosting_regressor,800,200,0.7512171825339613,0.7315254624206937,0.5423917152841632,0.7130207961595707
level1_S1,"S1_1, S1_2, S1_3, S1_4, S1_5...",256,O,adaboost_regressor,800,200,0.7381613377462147,0.7285196911179946,0.5380550324220091,0.7295696028202001
level1_S1,"S1_1, S1_2, S1_3, S1_4, S1_5...",256,O,xgboost_regressor,800,200,0.7590054495932964,0.7525996929209215,0.5634837853908683,0.7036387615412893
level1_S1,"S1_1, S1_2, S1_3, S1_4, S1_5...",256,O,catboost_regressor,800,200,0.7501985064413015,0.7234540604495876,0.5366688677924184,0.7144948341713436
level1_V1,"V1_1, V1_2, V1_3, V1_4, V1_5...",256,TSV,mlp_regressor,800,200,0.7197383345447521,0.6688455269165787,0.49219107703613985,0.48259107608516466
level1_V1,"V1_1, V1_2, V1_3, V1_4, V1_5...",256,TSV,ridge_regressor,800,200,0.7847455458294981,0.7647513701928471,0.5758912254457604,0.41363974849681273
level1_V1,"V1_1, V1_2, V1_3, V1_4, V1_5...",256,TSV,decision_tree_regressor,800,200,0.6291670490603938,0.5897869085393951,0.423818853255787,0.538784989584143
level1_V1,"V1_1, V1_2, V1_3, V1_4, V1_5...",256,TSV,random_forest_regressor,800,200,0.7782620020306132,0.7341648255623983,0.5543625815038628,0.42091562923760284
level1_V1,"V1_1, V1_2, V1_3, V1_4, V1_5...",256,TSV,extra_trees_regressor,800,200,0.7836944070338613,0.7404501429729712,0.5604992510387028,0.41726991712765704
level1_V1,"V1_1, V1_2, V1_3, V1_4, V1_5...",256,TSV,gradient_boosting_regressor,800,200,0.8019792076475153,0.7644228536026525,0.5771990402646606,0.3961138435881811
level1_V1,"V1_1, V1_2, V1_3, V1_4, V1_5...",256,TSV,adaboost_regressor,800,200,0.7979444009647244,0.7675215668976156,0.5822568277573612,0.40394648306380854
level1_V1,"V1_1, V1_2, V1_3, V1_4, V1_5...",256,TSV,xgboost_regressor,800,200,0.7937078170463467,0.7545433546847449,0.5686479433718509,0.4033660916232899
level1_V1,"V1_1, V1_2, V1_3, V1_4, V1_5...",256,TSV,catboost_regressor,800,200,0.8142307094831984,0.7767572264924939,0.5877621599557786,0.3849731208890443
level1_V1,"V1_1, V1_2, V1_3, V1_4, V1_5...",256,B,mlp_regressor,800,200,0.5821102132781992,0.544643301008547,0.383411348538785,0.6896910984289886
level1_V1,"V1_1, V1_2, V1_3, V1_4, V1_5...",256,B,ridge_regressor,800,200,0.611540759385679,0.565879583981244,0.40175542462555125,0.6474622925698345
level1_V1,"V1_1, V1_2, V1_3, V1_4, V1_5...",256,B,decision_tree_regressor,800,200,0.4803873306501338,0.4514679758227988,0.31435781561823306,0.7497249667267918
level1_V1,"V1_1, V1_2, V1_3, V1_4, V1_5...",256,B,random_forest_regressor,800,200,0.6407540447508916,0.5814827613759193,0.41586625238460223,0.6349891973684024
level1_V1,"V1_1, V1_2, V1_3, V1_4, V1_5...",256,B,extra_trees_regressor,800,200,0.6360139733164287,0.5836527446565074,0.4144551696086971,0.6377117855982779
level1_V1,"V1_1, V1_2, V1_3, V1_4, V1_5...",256,B,gradient_boosting_regressor,800,200,0.6067771457216211,0.5780743949649296,0.4145559612355475,0.6454803281675052
level1_V1,"V1_1, V1_2, V1_3, V1_4, V1_5...",256,B,adaboost_regressor,800,200,0.5968670096969323,0.5680865033507626,0.4036763594190859,0.6563058427795916
level1_V1,"V1_1, V1_2, V1_3, V1_4, V1_5...",256,B,xgboost_regressor,800,200,0.6426681073006659,0.603996431672101,0.43380716196396707,0.6237488245623447
level1_V1,"V1_1, V1_2, V1_3, V1_4, V1_5...",256,B,catboost_regressor,800,200,0.6423111143448204,0.5900141785323001,0.4208050421002701,0.6258619724057645
level1_V1,"V1_1, V1_2, V1_3, V1_4, V1_5...",256,SR,mlp_regressor,800,200,0.6258868073831411,0.6185791399017845,0.44299219347656194,0.5678008151567026
level1_V1,"V1_1, V1_2, V1_3, V1_4, V1_5...",256,SR,ridge_regressor,800,200,0.5971480640928255,0.6018326081990213,0.4228836054839809,0.546849949723613
level1_V1,"V1_1, V1_2, V1_3, V1_4, V1_5...",256,SR,decision_tree_regressor,800,200,0.43221491392514,0.44970058169137167,0.30715583414452435,0.650274367542958
level1_V1,"V1_1, V1_2, V1_3, V1_4, V1_5...",256,SR,random_forest_regressor,800,200,0.6355655145113103,0.6286482095949765,0.45455463157229614,0.5429200158830095
level1_V1,"V1_1, V1_2, V1_3, V1_4, V1_5...",256,SR,extra_trees_regressor,800,200,0.6401132813619169,0.629107974192513,0.4561633186117027,0.5419360531637349
level1_V1,"V1_1, V1_2, V1_3, V1_4, V1_5...",256,SR,gradient_boosting_regressor,800,200,0.6260762009472992,0.606518756984352,0.42660369426260836,0.5321678354843372
level1_V1,"V1_1, V1_2, V1_3, V1_4, V1_5...",256,SR,adaboost_regressor,800,200,0.6432771438845424,0.6322115567761538,0.4535958360719799,0.5315237233633252
level1_V1,"V1_1, V1_2, V1_3, V1_4, V1_5...",256,SR,xgboost_regressor,800,200,0.6469467385718707,0.6345478969101833,0.4519405151332606,0.5188989954576951
level1_V1,"V1_1, V1_2, V1_3, V1_4, V1_5...",256,SR,catboost_regressor,800,200,0.6651129031201848,0.6562250851614041,0.4756686489645062,0.5095278604905633
level1_V1,"V1_1, V1_2, V1_3, V1_4, V1_5...",256,S,mlp_regressor,800,200,0.7761025607622395,0.7855072268113112,0.5850545260917936,0.5078324851605921
level1_V1,"V1_1, V1_2, V1_3, V1_4, V1_5...",256,S,ridge_regressor,800,200,0.7935920923868702,0.801319883987238,0.597517463943603,0.4774528935265556
level1_V1,"V1_1, V1_2, V1_3, V1_4, V1_5...",256,S,decision_tree_regressor,800,200,0.5862401760387018,0.5876704273169143,0.41508882076376374,0.6633547787712215
level1_V1,"V1_1, V1_2, V1_3, V1_4, V1_5...",256,S,random_forest_regressor,800,200,0.760809382220834,0.7474219961166102,0.5476657125363655,0.5125273652914467
level1_V1,"V1_1, V1_2, V1_3, V1_4, V1_5...",256,S,extra_trees_regressor,800,200,0.7670377217503259,0.7543626748390894,0.55580682516537,0.5084259372506978
level1_V1,"V1_1, V1_2, V1_3, V1_4, V1_5...",256,S,gradient_boosting_regressor,800,200,0.8007223845727687,0.7924666560166153,0.5964118807470715,0.4696758326359022
level1_V1,"V1_1, V1_2, V1_3, V1_4, V1_5...",256,S,adaboost_regressor,800,200,0.7851958819336646,0.7790069650761017,0.5729674791428093,0.495275678466703
level1_V1,"V1_1, V1_2, V1_3, V1_4, V1_5...",256,S,xgboost_regressor,800,200,0.782664951586369,0.7656684659632139,0.5656565663708323,0.48808697272070684
level1_V1,"V1_1, V1_2, V1_3, V1_4, V1_5...",256,S,catboost_regressor,800,200,0.8031216313676827,0.795915244817778,0.5937986841007243,0.4686486459954812
level1_V1,"V1_1, V1_2, V1_3, V1_4, V1_5...",256,U,mlp_regressor,800,200,0.7089487493799349,0.722867104482697,0.5332732177254367,0.5664437780005221
level1_V1,"V1_1, V1_2, V1_3, V1_4, V1_5...",256,U,ridge_regressor,800,200,0.7427697271353254,0.7372797296327461,0.5436348742856555,0.5228737077435763
level1_V1,"V1_1, V1_2, V1_3, V1_4, V1_5...",256,U,decision_tree_regressor,800,200,0.5392159281856689,0.5352008115148558,0.381619898816861,0.681248919966942
level1_V1,"V1_1, V1_2, V1_3, V1_4, V1_5...",256,U,random_forest_regressor,800,200,0.7176620294105791,0.6925860410364578,0.5092301505614337,0.5535579011797923
level1_V1,"V1_1, V1_2, V1_3, V1_4, V1_5...",256,U,extra_trees_regressor,800,200,0.7364675149036488,0.7234378792401484,0.5333738163328173,0.545945800862216
level1_V1,"V1_1, V1_2, V1_3, V1_4, V1_5...",256,U,gradient_boosting_regressor,800,200,0.7490560067127563,0.7343366019740871,0.5400133244199479,0.5195673319032419
level1_V1,"V1_1, V1_2, V1_3, V1_4, V1_5...",256,U,adaboost_regressor,800,200,0.7419694505932642,0.7437723542072584,0.5488172659834537,0.5380893017909048
level1_V1,"V1_1, V1_2, V1_3, V1_4, V1_5...",256,U,xgboost_regressor,800,200,0.7446812047136877,0.7342690990461361,0.5386049439166172,0.5250098048176487
level1_V1,"V1_1, V1_2, V1_3, V1_4, V1_5...",256,U,catboost_regressor,800,200,0.7317289669716355,0.7203717462461122,0.535285189873052,0.5408116586221581
level1_V1,"V1_1, V1_2, V1_3, V1_4, V1_5...",256,O,mlp_regressor,800,200,0.7759627194616417,0.784554366991126,0.589868124058171,0.6995099427861288
level1_V1,"V1_1, V1_2, V1_3, V1_4, V1_5...",256,O,ridge_regressor,800,200,0.7795495722626388,0.7779736185673382,0.5792081596646554,0.6757855948577559
level1_V1,"V1_1, V1_2, V1_3, V1_4, V1_5...",256,O,decision_tree_regressor,800,200,0.5510936379204724,0.5481195127401086,0.39501284036761375,0.9461156972326376
level1_V1,"V1_1, V1_2, V1_3, V1_4, V1_5...",256,O,random_forest_regressor,800,200,0.7640469065108302,0.7453031352539373,0.5636204758816844,0.7154334653635986
level1_V1,"V1_1, V1_2, V1_3, V1_4, V1_5...",256,O,extra_trees_regressor,800,200,0.7654897367165477,0.7440595883099392,0.5634193444780331,0.7144741651183893
level1_V1,"V1_1, V1_2, V1_3, V1_4, V1_5...",256,O,gradient_boosting_regressor,800,200,0.8099277914382889,0.7956202847304201,0.6093778702123412,0.6403969546706725
level1_V1,"V1_1, V1_2, V1_3, V1_4, V1_5...",256,O,adaboost_regressor,800,200,0.773542955867558,0.7672860073198047,0.5831048468555683,0.6906839587985621
level1_V1,"V1_1, V1_2, V1_3, V1_4, V1_5...",256,O,xgboost_regressor,800,200,0.8008662318922438,0.7852601436342516,0.6003269570480354,0.653269575892247
level1_V1,"V1_1, V1_2, V1_3, V1_4, V1_5...",256,O,catboost_regressor,800,200,0.8146254476009863,0.8004977188539547,0.6073665561758288,0.6345916215265176
level1_U1_S1,"U1_1, U1_2, U1_3, U1_4, U1_5...",512,TSV,mlp_regressor,800,200,0.7747649119367132,0.7658846774252308,0.5734767980877905,0.44710012225265955
level1_U1_S1,"U1_1, U1_2, U1_3, U1_4, U1_5...",512,TSV,ridge_regressor,800,200,0.7987770478391644,0.7730362885839195,0.5870579519763708,0.4050470304527241
level1_U1_S1,"U1_1, U1_2, U1_3, U1_4, U1_5...",512,TSV,decision_tree_regressor,800,200,0.672721481910493,0.6157981029137505,0.44644006186920143,0.5139327189687074
level1_U1_S1,"U1_1, U1_2, U1_3, U1_4, U1_5...",512,TSV,random_forest_regressor,800,200,0.7709190748066392,0.7180217603323555,0.5355501683396812,0.42346551518353215
level1_U1_S1,"U1_1, U1_2, U1_3, U1_4, U1_5...",512,TSV,extra_trees_regressor,800,200,0.7623999167485548,0.7024944761994582,0.5227738235704243,0.4300623979830728
level1_U1_S1,"U1_1, U1_2, U1_3, U1_4, U1_5...",512,TSV,gradient_boosting_regressor,800,200,0.7916077887285136,0.7607244168303928,0.5755894220260142,0.4068238528206012
level1_U1_S1,"U1_1, U1_2, U1_3, U1_4, U1_5...",512,TSV,adaboost_regressor,800,200,0.8019471382570957,0.7528289709468847,0.570572056917598,0.3977488016545243
level1_U1_S1,"U1_1, U1_2, U1_3, U1_4, U1_5...",512,TSV,xgboost_regressor,800,200,0.80290242147973,0.7647536203064785,0.579512866482715,0.39588908109977217
level1_U1_S1,"U1_1, U1_2, U1_3, U1_4, U1_5...",512,TSV,catboost_regressor,800,200,0.8028724002021309,0.7639113277704317,0.5798146699024613,0.3972958733079151
level1_U1_S1,"U1_1, U1_2, U1_3, U1_4, U1_5...",512,B,mlp_regressor,800,200,0.6425371368796702,0.6436666963605725,0.4579971524080544,0.6754160156839695
level1_U1_S1,"U1_1, U1_2, U1_3, U1_4, U1_5...",512,B,ridge_regressor,800,200,0.6688086235820093,0.6449673361837801,0.46243198398947044,0.60678823166774
level1_U1_S1,"U1_1, U1_2, U1_3, U1_4, U1_5...",512,B,decision_tree_regressor,800,200,0.3373937322717678,0.32170634470130405,0.22272157700945797,0.8627177119985905
level1_U1_S1,"U1_1, U1_2, U1_3, U1_4, U1_5...",512,B,random_forest_regressor,800,200,0.5968345469883891,0.548541470074989,0.3880477633739018,0.6524602601166541
level1_U1_S1,"U1_1, U1_2, U1_3, U1_4, U1_5...",512,B,extra_trees_regressor,800,200,0.569276183351091,0.5380290899583476,0.37716226767406247,0.6671706085454441
level1_U1_S1,"U1_1, U1_2, U1_3, U1_4, U1_5...",512,B,gradient_boosting_regressor,800,200,0.6877255575408218,0.6431303887056743,0.4651533579144303,0.5897971429973321
level1_U1_S1,"U1_1, U1_2, U1_3, U1_4, U1_5...",512,B,adaboost_regressor,800,200,0.6451361818722507,0.6280009796874433,0.4532100187369168,0.6301231059426707
level1_U1_S1,"U1_1, U1_2, U1_3, U1_4, U1_5...",512,B,xgboost_regressor,800,200,0.6806619676026382,0.6410234121985288,0.46364148351167483,0.5963658994087953
level1_U1_S1,"U1_1, U1_2, U1_3, U1_4, U1_5...",512,B,catboost_regressor,800,200,0.6938425070141272,0.6412034315512218,0.46626206580978435,0.5842588090735015
level1_U1_S1,"U1_1, U1_2, U1_3, U1_4, U1_5...",512,SR,mlp_regressor,800,200,0.6251233048655824,0.6207699594603554,0.4412829634971926,0.5748151546774007
level1_U1_S1,"U1_1, U1_2, U1_3, U1_4, U1_5...",512,SR,ridge_regressor,800,200,0.5919105077253474,0.6082415616834405,0.43716070295871345,0.5509675450955814
level1_U1_S1,"U1_1, U1_2, U1_3, U1_4, U1_5...",512,SR,decision_tree_regressor,800,200,0.34292221094670866,0.3194962795098353,0.22554901710556854,0.6999535424015654
level1_U1_S1,"U1_1, U1_2, U1_3, U1_4, U1_5...",512,SR,random_forest_regressor,800,200,0.6260928780425382,0.6187471452359575,0.44027753409756354,0.5409860799377336
level1_U1_S1,"U1_1, U1_2, U1_3, U1_4, U1_5...",512,SR,extra_trees_regressor,800,200,0.6030124759623958,0.5944088724952435,0.4179570014257985,0.5501832903823775
level1_U1_S1,"U1_1, U1_2, U1_3, U1_4, U1_5...",512,SR,gradient_boosting_regressor,800,200,0.6418796801897348,0.6461620156587181,0.46119046560984794,0.5221020348582442
level1_U1_S1,"U1_1, U1_2, U1_3, U1_4, U1_5...",512,SR,adaboost_regressor,800,200,0.6111473417649348,0.6019313381325817,0.42777362876426184,0.5418223964025956
level1_U1_S1,"U1_1, U1_2, U1_3, U1_4, U1_5...",512,SR,xgboost_regressor,800,200,0.619025409914226,0.6083510651601783,0.4362558164990473,0.5364889961566313
level1_U1_S1,"U1_1, U1_2, U1_3, U1_4, U1_5...",512,SR,catboost_regressor,800,200,0.629325826950122,0.6144675093574209,0.4396742764577861,0.5288634014451473
level1_U1_S1,"U1_1, U1_2, U1_3, U1_4, U1_5...",512,S,mlp_regressor,800,200,0.8213270962334375,0.8286730883322577,0.6342027245557839,0.47131066226969814
level1_U1_S1,"U1_1, U1_2, U1_3, U1_4, U1_5...",512,S,ridge_regressor,800,200,0.7931443590818348,0.8029519260123207,0.5983215244501714,0.4834228385456105
level1_U1_S1,"U1_1, U1_2, U1_3, U1_4, U1_5...",512,S,decision_tree_regressor,800,200,0.6622892559087743,0.6507166335332211,0.4664431041438693,0.6187516610780376
level1_U1_S1,"U1_1, U1_2, U1_3, U1_4, U1_5...",512,S,random_forest_regressor,800,200,0.7609578749636633,0.756592482256631,0.5566108856719384,0.5082482492657442
level1_U1_S1,"U1_1, U1_2, U1_3, U1_4, U1_5...",512,S,extra_trees_regressor,800,200,0.7533500057894574,0.7489790362103932,0.5509824621259599,0.515210558105413
level1_U1_S1,"U1_1, U1_2, U1_3, U1_4, U1_5...",512,S,gradient_boosting_regressor,800,200,0.7829367328331762,0.776239988179914,0.5782200117859627,0.4881217713390879
level1_U1_S1,"U1_1, U1_2, U1_3, U1_4, U1_5...",512,S,adaboost_regressor,800,200,0.7705019688034054,0.7732263424190273,0.5705016808291993,0.5039398144946441
level1_U1_S1,"U1_1, U1_2, U1_3, U1_4, U1_5...",512,S,xgboost_regressor,800,200,0.7824123530721668,0.7820646381646528,0.5827428521354097,0.4878170280595238
level1_U1_S1,"U1_1, U1_2, U1_3, U1_4, U1_5...",512,S,catboost_regressor,800,200,0.79935454547856,0.8022199071628353,0.6002311681532712,0.4715475967261741
level1_U1_S1,"U1_1, U1_2, U1_3, U1_4, U1_5...",512,U,mlp_regressor,800,200,0.7494867330197482,0.7563673075596613,0.5558073057787281,0.5237065418668487
level1_U1_S1,"U1_1, U1_2, U1_3, U1_4, U1_5...",512,U,ridge_regressor,800,200,0.7699156591305575,0.7774822234227016,0.5743174495367889,0.4977147769445378
level1_U1_S1,"U1_1, U1_2, U1_3, U1_4, U1_5...",512,U,decision_tree_regressor,800,200,0.5956457536392451,0.5656420375170284,0.40300682323504344,0.6500024422554181
level1_U1_S1,"U1_1, U1_2, U1_3, U1_4, U1_5...",512,U,random_forest_regressor,800,200,0.7269258405736726,0.7054475989087018,0.5146624753599951,0.5386625938504962
level1_U1_S1,"U1_1, U1_2, U1_3, U1_4, U1_5...",512,U,extra_trees_regressor,800,200,0.7199185594322346,0.6948323884721569,0.5090289533466722,0.544300995233962
level1_U1_S1,"U1_1, U1_2, U1_3, U1_4, U1_5...",512,U,gradient_boosting_regressor,800,200,0.7730557556588628,0.761082012060765,0.5664707581610892,0.49795706261840866
level1_U1_S1,"U1_1, U1_2, U1_3, U1_4, U1_5...",512,U,adaboost_regressor,800,200,0.7474609791885642,0.7467563688642523,0.5529440126373532,0.5272363981914706
level1_U1_S1,"U1_1, U1_2, U1_3, U1_4, U1_5...",512,U,xgboost_regressor,800,200,0.7609176772855272,0.7568705793891618,0.5616420250068124,0.5066286719551367
level1_U1_S1,"U1_1, U1_2, U1_3, U1_4, U1_5...",512,U,catboost_regressor,800,200,0.7724454742004438,0.7569605832930963,0.5760276258622619,0.5010896324319049
level1_U1_S1,"U1_1, U1_2, U1_3, U1_4, U1_5...",512,O,mlp_regressor,800,200,0.7748512360270854,0.7981876316479749,0.5997235628370817,0.7294869212303687
level1_U1_S1,"U1_1, U1_2, U1_3, U1_4, U1_5...",512,O,ridge_regressor,800,200,0.7889157640966177,0.8029638119491695,0.6039473223137577,0.6645716825674275
level1_U1_S1,"U1_1, U1_2, U1_3, U1_4, U1_5...",512,O,decision_tree_regressor,800,200,0.6276092412609102,0.5944140517262877,0.42662499446928737,0.8816575377243853
level1_U1_S1,"U1_1, U1_2, U1_3, U1_4, U1_5...",512,O,random_forest_regressor,800,200,0.7578669418499151,0.7413234850218176,0.5498429747315744,0.7067526404892258
level1_U1_S1,"U1_1, U1_2, U1_3, U1_4, U1_5...",512,O,extra_trees_regressor,800,200,0.7459072323988554,0.7237398212370805,0.537272262003372,0.7201736175431507
level1_U1_S1,"U1_1, U1_2, U1_3, U1_4, U1_5...",512,O,gradient_boosting_regressor,800,200,0.7913449060787859,0.7764750619967057,0.5880579414253099,0.6603580893220111
level1_U1_S1,"U1_1, U1_2, U1_3, U1_4, U1_5...",512,O,adaboost_regressor,800,200,0.7802240478331424,0.772393536747304,0.5781313814348141,0.6815108890388396
level1_U1_S1,"U1_1, U1_2, U1_3, U1_4, U1_5...",512,O,xgboost_regressor,800,200,0.7772017396834024,0.758764643426965,0.5655312242163711,0.6791833308975019
level1_U1_S1,"U1_1, U1_2, U1_3, U1_4, U1_5...",512,O,catboost_regressor,800,200,0.8080462251680377,0.788198754567053,0.5946952777458008,0.6373028204998668
level1_U1_V1,"U1_1, U1_2, U1_3, U1_4, U1_5...",512,TSV,mlp_regressor,800,200,0.7855396277581649,0.7651068881466194,0.5703581627504128,0.42212551753409927
level1_U1_V1,"U1_1, U1_2, U1_3, U1_4, U1_5...",512,TSV,ridge_regressor,800,200,0.7974162084579373,0.7887383315421945,0.5993312910460508,0.4113272614864108
level1_U1_V1,"U1_1, U1_2, U1_3, U1_4, U1_5...",512,TSV,decision_tree_regressor,800,200,0.5882139909523157,0.5515567242773846,0.39498215684348176,0.5704314180062806
level1_U1_V1,"U1_1, U1_2, U1_3, U1_4, U1_5...",512,TSV,random_forest_regressor,800,200,0.7783752301265529,0.7346763513946191,0.55245115984547,0.421068772857286
level1_U1_V1,"U1_1, U1_2, U1_3, U1_4, U1_5...",512,TSV,extra_trees_regressor,800,200,0.7815102935591209,0.734800857682227,0.5513445473064005,0.4203210620606152
level1_U1_V1,"U1_1, U1_2, U1_3, U1_4, U1_5...",512,TSV,gradient_boosting_regressor,800,200,0.8237527330640196,0.7966129792144623,0.6063733708401293,0.37645424249258824
level1_U1_V1,"U1_1, U1_2, U1_3, U1_4, U1_5...",512,TSV,adaboost_regressor,800,200,0.7912070944196491,0.7644013595522803,0.5819839643015661,0.40797411774144415
level1_U1_V1,"U1_1, U1_2, U1_3, U1_4, U1_5...",512,TSV,xgboost_regressor,800,200,0.8032536006917838,0.7738785811199665,0.5876615588158632,0.39485916453866415
level1_U1_V1,"U1_1, U1_2, U1_3, U1_4, U1_5...",512,TSV,catboost_regressor,800,200,0.7982386417493061,0.7611549385718809,0.5753882197461834,0.39991011689190986
level1_U1_V1,"U1_1, U1_2, U1_3, U1_4, U1_5...",512,B,mlp_regressor,800,200,0.6263931958199577,0.609198990964932,0.4325976624417627,0.6568695567183128
level1_U1_V1,"U1_1, U1_2, U1_3, U1_4, U1_5...",512,B,ridge_regressor,800,200,0.6783135108412339,0.6328497835056253,0.4560821114978975,0.5980237956271209
level1_U1_V1,"U1_1, U1_2, U1_3, U1_4, U1_5...",512,B,decision_tree_regressor,800,200,0.36184590657336385,0.3626697048590086,0.2568566966678417,0.8181799689882859
level1_U1_V1,"U1_1, U1_2, U1_3, U1_4, U1_5...",512,B,random_forest_regressor,800,200,0.656846981373287,0.5985335943985015,0.43017866339735394,0.6257224255323521
level1_U1_V1,"U1_1, U1_2, U1_3, U1_4, U1_5...",512,B,extra_trees_regressor,800,200,0.6372067082330325,0.5753891062872575,0.40800450549027384,0.6365735655478787
level1_U1_V1,"U1_1, U1_2, U1_3, U1_4, U1_5...",512,B,gradient_boosting_regressor,800,200,0.7149834532899557,0.6738049363239438,0.4945845129547366,0.5709616567731866
level1_U1_V1,"U1_1, U1_2, U1_3, U1_4, U1_5...",512,B,adaboost_regressor,800,200,0.6630285041169625,0.629100706141639,0.4583461894556264,0.6172280710024473
level1_U1_V1,"U1_1, U1_2, U1_3, U1_4, U1_5...",512,B,xgboost_regressor,800,200,0.7004821663466272,0.6513017671566691,0.4746277708383645,0.5823369274864303
level1_U1_V1,"U1_1, U1_2, U1_3, U1_4, U1_5...",512,B,catboost_regressor,800,200,0.6678938616041339,0.6146018217876339,0.4440879079027042,0.610443842243192
level1_U1_V1,"U1_1, U1_2, U1_3, U1_4, U1_5...",512,SR,mlp_regressor,800,200,0.6494502084187045,0.6504326512514954,0.4650110973284383,0.5427457317743765
level1_U1_V1,"U1_1, U1_2, U1_3, U1_4, U1_5...",512,SR,ridge_regressor,800,200,0.6687275879937848,0.6734943834620184,0.4864267435405372,0.5083455506266451
level1_U1_V1,"U1_1, U1_2, U1_3, U1_4, U1_5...",512,SR,decision_tree_regressor,800,200,0.45936350650437124,0.4562696917974843,0.3206709611600477,0.6669825870668035
level1_U1_V1,"U1_1, U1_2, U1_3, U1_4, U1_5...",512,SR,random_forest_regressor,800,200,0.6644815328118162,0.6566390983063308,0.47918765186320794,0.5316660117452587
level1_U1_V1,"U1_1, U1_2, U1_3, U1_4, U1_5...",512,SR,extra_trees_regressor,800,200,0.6711142709621393,0.6677589513619187,0.48713054412027756,0.5308310946417163
level1_U1_V1,"U1_1, U1_2, U1_3, U1_4, U1_5...",512,SR,gradient_boosting_regressor,800,200,0.6308614516351557,0.6103003770508753,0.4322340989005311,0.529093388097835
level1_U1_V1,"U1_1, U1_2, U1_3, U1_4, U1_5...",512,SR,adaboost_regressor,800,200,0.6856759288497201,0.6760236161263206,0.49339175044630895,0.5025464985565173
level1_U1_V1,"U1_1, U1_2, U1_3, U1_4, U1_5...",512,SR,xgboost_regressor,800,200,0.6712120369810118,0.672046087478588,0.490951175838868,0.5079129350381876
level1_U1_V1,"U1_1, U1_2, U1_3, U1_4, U1_5...",512,SR,catboost_regressor,800,200,0.687105836359509,0.6697592648719183,0.4846169706212049,0.5000338863361913
level1_U1_V1,"U1_1, U1_2, U1_3, U1_4, U1_5...",512,S,mlp_regressor,800,200,0.8137271749744323,0.823103444913938,0.6201316656908378,0.4719946257595483
level1_U1_V1,"U1_1, U1_2, U1_3, U1_4, U1_5...",512,S,ridge_regressor,800,200,0.8157601849242818,0.8272030504787826,0.6264636421800635,0.4534161428966815
level1_U1_V1,"U1_1, U1_2, U1_3, U1_4, U1_5...",512,S,decision_tree_regressor,800,200,0.6583359937250288,0.6477631963595005,0.4608367495965038,0.6132397179748292
level1_U1_V1,"U1_1, U1_2, U1_3, U1_4, U1_5...",512,S,random_forest_regressor,800,200,0.7677973056291925,0.7604078305018493,0.5600281428248538,0.5065321035147623
level1_U1_V1,"U1_1, U1_2, U1_3, U1_4, U1_5...",512,S,extra_trees_regressor,800,200,0.7825633066906137,0.7781375370417978,0.5754058000129735,0.4970220828058341
level1_U1_V1,"U1_1, U1_2, U1_3, U1_4, U1_5...",512,S,gradient_boosting_regressor,800,200,0.8181743473576918,0.810148361320532,0.6121915681884754,0.4508631794869607
level1_U1_V1,"U1_1, U1_2, U1_3, U1_4, U1_5...",512,S,adaboost_regressor,800,200,0.8049893898636634,0.8060632312151581,0.5993413216358381,0.47385004815554604
level1_U1_V1,"U1_1, U1_2, U1_3, U1_4, U1_5...",512,S,xgboost_regressor,800,200,0.8014810861121601,0.7940671972305521,0.5936981765374034,0.4699675707168811
level1_U1_V1,"U1_1, U1_2, U1_3, U1_4, U1_5...",512,S,catboost_regressor,800,200,0.8198634175579509,0.8178668100705895,0.6129956286950438,0.4491585923565626
level1_U1_V1,"U1_1, U1_2, U1_3, U1_4, U1_5...",512,U,mlp_regressor,800,200,0.7467036185045453,0.7667147563820007,0.5651629762651392,0.5250537751505755
level1_U1_V1,"U1_1, U1_2, U1_3, U1_4, U1_5...",512,U,ridge_regressor,800,200,0.7782473519882087,0.783466733001815,0.5848803033117692,0.4978712761142279
level1_U1_V1,"U1_1, U1_2, U1_3, U1_4, U1_5...",512,U,decision_tree_regressor,800,200,0.5014066688349623,0.47119913117542966,0.3274310178629506,0.7107996137939326
level1_U1_V1,"U1_1, U1_2, U1_3, U1_4, U1_5...",512,U,random_forest_regressor,800,200,0.7436410968779027,0.7275338069017023,0.5349833940509097,0.5421740620382705
level1_U1_V1,"U1_1, U1_2, U1_3, U1_4, U1_5...",512,U,extra_trees_regressor,800,200,0.7513304896719019,0.7392883167555516,0.5473570227587438,0.5381990728579717
level1_U1_V1,"U1_1, U1_2, U1_3, U1_4, U1_5...",512,U,gradient_boosting_regressor,800,200,0.7495602781114723,0.7437450100653764,0.5504755795875474,0.5201077121474349
level1_U1_V1,"U1_1, U1_2, U1_3, U1_4, U1_5...",512,U,adaboost_regressor,800,200,0.7432388573197799,0.7419245356184258,0.5490433059059099,0.5293566861782543
level1_U1_V1,"U1_1, U1_2, U1_3, U1_4, U1_5...",512,U,xgboost_regressor,800,200,0.7624542366867083,0.7558077832902016,0.5600324472887203,0.5085647366752221
level1_U1_V1,"U1_1, U1_2, U1_3, U1_4, U1_5...",512,U,catboost_regressor,800,200,0.7689298451661436,0.7658799701730081,0.5685833289160852,0.5040773952039601
level1_U1_V1,"U1_1, U1_2, U1_3, U1_4, U1_5...",512,O,mlp_regressor,800,200,0.8105297538001714,0.8066119496666648,0.6048524136301883,0.637456189403577
level1_U1_V1,"U1_1, U1_2, U1_3, U1_4, U1_5...",512,O,ridge_regressor,800,200,0.8076839060878506,0.812813183763756,0.6140038924963197,0.64134516622821
level1_U1_V1,"U1_1, U1_2, U1_3, U1_4, U1_5...",512,O,decision_tree_regressor,800,200,0.603081939932812,0.5761190294362297,0.4093730619567406,0.8844835571803478
level1_U1_V1,"U1_1, U1_2, U1_3, U1_4, U1_5...",512,O,random_forest_regressor,800,200,0.7720918160262752,0.7545772353519699,0.5681459324638372,0.7068817549951346
level1_U1_V1,"U1_1, U1_2, U1_3, U1_4, U1_5...",512,O,extra_trees_regressor,800,200,0.7739361153500485,0.7585523854142078,0.5691515894820934,0.7058589924651059
level1_U1_V1,"U1_1, U1_2, U1_3, U1_4, U1_5...",512,O,gradient_boosting_regressor,800,200,0.8185394994678552,0.8072209726573323,0.614205023899971,0.6273615504633987
level1_U1_V1,"U1_1, U1_2, U1_3, U1_4, U1_5...",512,O,adaboost_regressor,800,200,0.790712070123228,0.7802967174587068,0.5882353762935522,0.6704059600840311
level1_U1_V1,"U1_1, U1_2, U1_3, U1_4, U1_5...",512,O,xgboost_regressor,800,200,0.7803798441074378,0.7690647822580431,0.5787053311555272,0.6792346942620926
level1_U1_V1,"U1_1, U1_2, U1_3, U1_4, U1_5...",512,O,catboost_regressor,800,200,0.8200458218131343,0.8101160819479434,0.6209429259222875,0.6247030742344925
level1_S1_V1,"S1_1, S1_2, S1_3, S1_4, S1_5...",512,TSV,mlp_regressor,800,200,0.8211359900776956,0.8000819043963119,0.6128118437947155,0.3948745225854877
level1_S1_V1,"S1_1, S1_2, S1_3, S1_4, S1_5...",512,TSV,ridge_regressor,800,200,0.8203821336810444,0.792413517140262,0.6079829890787759,0.38495822568141264
level1_S1_V1,"S1_1, S1_2, S1_3, S1_4, S1_5...",512,TSV,decision_tree_regressor,800,200,0.7303069122502529,0.6736572084218974,0.5009388403573135,0.4766717802409578
level1_S1_V1,"S1_1, S1_2, S1_3, S1_4, S1_5...",512,TSV,random_forest_regressor,800,200,0.7868749782769561,0.7462441855740064,0.5663341171537964,0.4094952378615641
level1_S1_V1,"S1_1, S1_2, S1_3, S1_4, S1_5...",512,TSV,extra_trees_regressor,800,200,0.780744608202938,0.7367667069582547,0.5561734020223401,0.4147744940515101
level1_S1_V1,"S1_1, S1_2, S1_3, S1_4, S1_5...",512,TSV,gradient_boosting_regressor,800,200,0.8174192214016827,0.7906786795303988,0.6074799833791988,0.3833225452773093
level1_S1_V1,"S1_1, S1_2, S1_3, S1_4, S1_5...",512,TSV,adaboost_regressor,800,200,0.8003270720664261,0.7686960050361891,0.5867835561647919,0.3976639649116917
level1_S1_V1,"S1_1, S1_2, S1_3, S1_4, S1_5...",512,TSV,xgboost_regressor,800,200,0.818808993591148,0.7827860309490792,0.6003373024452048,0.3808864633872214
level1_S1_V1,"S1_1, S1_2, S1_3, S1_4, S1_5...",512,TSV,catboost_regressor,800,200,0.8329515812456538,0.8019104967408197,0.6187473110497247,0.36739799121575
level1_S1_V1,"S1_1, S1_2, S1_3, S1_4, S1_5...",512,B,mlp_regressor,800,200,0.6495496564436953,0.6160232245932733,0.43935070144073707,0.6656007421782068
level1_S1_V1,"S1_1, S1_2, S1_3, S1_4, S1_5...",512,B,ridge_regressor,800,200,0.6713380815439507,0.6286913364584146,0.4524536129312844,0.6076246719943855
level1_S1_V1,"S1_1, S1_2, S1_3, S1_4, S1_5...",512,B,decision_tree_regressor,800,200,0.4735672417191081,0.44196388412129267,0.30883365259766593,0.7717854412751949
level1_S1_V1,"S1_1, S1_2, S1_3, S1_4, S1_5...",512,B,random_forest_regressor,800,200,0.6432393930388617,0.5885777741139363,0.4252398736816861,0.6274954618666457
level1_S1_V1,"S1_1, S1_2, S1_3, S1_4, S1_5...",512,B,extra_trees_regressor,800,200,0.6219726228136263,0.5754596138670622,0.4101211296541315,0.6383616581136237
level1_S1_V1,"S1_1, S1_2, S1_3, S1_4, S1_5...",512,B,gradient_boosting_regressor,800,200,0.6581461354250281,0.5946144230742453,0.42896916387514955,0.6127599904569175
level1_S1_V1,"S1_1, S1_2, S1_3, S1_4, S1_5...",512,B,adaboost_regressor,800,200,0.6411215978440278,0.6159175521307779,0.4457472083319168,0.6297848403425456
level1_S1_V1,"S1_1, S1_2, S1_3, S1_4, S1_5...",512,B,xgboost_regressor,800,200,0.6900230523432832,0.6465095019718512,0.47351906294301055,0.5880044565075183
level1_S1_V1,"S1_1, S1_2, S1_3, S1_4, S1_5...",512,B,catboost_regressor,800,200,0.6759845571574324,0.6365866852352797,0.4656573160486821,0.6000982733584465
level1_S1_V1,"S1_1, S1_2, S1_3, S1_4, S1_5...",512,SR,mlp_regressor,800,200,0.6598815282977412,0.6703082823032341,0.4840137129814274,0.530654842358313
level1_S1_V1,"S1_1, S1_2, S1_3, S1_4, S1_5...",512,SR,ridge_regressor,800,200,0.6360943602018957,0.6500396387733403,0.46330186734906886,0.5266478633047326
level1_S1_V1,"S1_1, S1_2, S1_3, S1_4, S1_5...",512,SR,decision_tree_regressor,800,200,0.40950077949271463,0.41065890208185885,0.2795428597071613,0.6786142552211106
level1_S1_V1,"S1_1, S1_2, S1_3, S1_4, S1_5...",512,SR,random_forest_regressor,800,200,0.6046860686618223,0.598204743014219,0.42982106834142136,0.5461338841185119
level1_S1_V1,"S1_1, S1_2, S1_3, S1_4, S1_5...",512,SR,extra_trees_regressor,800,200,0.6294036978548578,0.6139372425214368,0.44460088051596847,0.5356266683374888
level1_S1_V1,"S1_1, S1_2, S1_3, S1_4, S1_5...",512,SR,gradient_boosting_regressor,800,200,0.6660878557300948,0.6539367625071076,0.47898656598328215,0.5084053406923196
level1_S1_V1,"S1_1, S1_2, S1_3, S1_4, S1_5...",512,SR,adaboost_regressor,800,200,0.6424293841643659,0.6258367662907548,0.4600040720434328,0.5330213864935499
level1_S1_V1,"S1_1, S1_2, S1_3, S1_4, S1_5...",512,SR,xgboost_regressor,800,200,0.6461487386102218,0.6239860615716707,0.4529459445328896,0.5186578634140967
level1_S1_V1,"S1_1, S1_2, S1_3, S1_4, S1_5...",512,SR,catboost_regressor,800,200,0.6723691496929228,0.662806544122876,0.4852202282609824,0.5027609674839956
level1_S1_V1,"S1_1, S1_2, S1_3, S1_4, S1_5...",512,S,mlp_regressor,800,200,0.8344152717964998,0.8383175866780928,0.6424443447481095,0.4465610431825697
level1_S1_V1,"S1_1, S1_2, S1_3, S1_4, S1_5...",512,S,ridge_regressor,800,200,0.8162124199926284,0.8231026948946252,0.6233479077171111,0.45499644231168057
level1_S1_V1,"S1_1, S1_2, S1_3, S1_4, S1_5...",512,S,decision_tree_regressor,800,200,0.7053602361788045,0.7005967378632173,0.5125193757194763,0.5814451812006024
level1_S1_V1,"S1_1, S1_2, S1_3, S1_4, S1_5...",512,S,random_forest_regressor,800,200,0.772308289046047,0.7660389755038347,0.5623398167812378,0.497611874787138
level1_S1_V1,"S1_1, S1_2, S1_3, S1_4, S1_5...",512,S,extra_trees_regressor,800,200,0.7649454557408297,0.7540949179443492,0.5537966738989492,0.5046680948354809
level1_S1_V1,"S1_1, S1_2, S1_3, S1_4, S1_5...",512,S,gradient_boosting_regressor,800,200,0.7716498402018889,0.7671085030441692,0.5615357562746695,0.4996947157193593
level1_S1_V1,"S1_1, S1_2, S1_3, S1_4, S1_5...",512,S,adaboost_regressor,800,200,0.7804259954984748,0.7768498158376258,0.5684384897591054,0.49139570139669997
level1_S1_V1,"S1_1, S1_2, S1_3, S1_4, S1_5...",512,S,xgboost_regressor,800,200,0.8030132898707092,0.797739291786988,0.5989245698300977,0.4682653642275925
level1_S1_V1,"S1_1, S1_2, S1_3, S1_4, S1_5...",512,S,catboost_regressor,800,200,0.8172625592785646,0.8130914371047342,0.6063621295158548,0.45136273805766025
level1_S1_V1,"S1_1, S1_2, S1_3, S1_4, S1_5...",512,U,mlp_regressor,800,200,0.7847628392327296,0.7958955221026404,0.597857523663888,0.4881987000344873
level1_S1_V1,"S1_1, S1_2, S1_3, S1_4, S1_5...",512,U,ridge_regressor,800,200,0.7875596680204086,0.7864046104327446,0.5971533334122227,0.4804660221278551
level1_S1_V1,"S1_1, S1_2, S1_3, S1_4, S1_5...",512,U,decision_tree_regressor,800,200,0.6650563427374612,0.6322688464707248,0.462968292355264,0.5908971099125662
level1_S1_V1,"S1_1, S1_2, S1_3, S1_4, S1_5...",512,U,random_forest_regressor,800,200,0.7274615057117029,0.7160425584668614,0.5243199416685486,0.5381479637967286
level1_S1_V1,"S1_1, S1_2, S1_3, S1_4, S1_5...",512,U,extra_trees_regressor,800,200,0.7301290992067434,0.7163560720655666,0.5265331110309254,0.5360196549803867
level1_S1_V1,"S1_1, S1_2, S1_3, S1_4, S1_5...",512,U,gradient_boosting_regressor,800,200,0.749492851599399,0.743106732379974,0.5477594171882668,0.5180375062764754
level1_S1_V1,"S1_1, S1_2, S1_3, S1_4, S1_5...",512,U,adaboost_regressor,800,200,0.7548137939702044,0.7652224721743476,0.5694137333340274,0.5166944982532433
level1_S1_V1,"S1_1, S1_2, S1_3, S1_4, S1_5...",512,U,xgboost_regressor,800,200,0.7623969890488314,0.7515205973327869,0.5564108974230126,0.5099023182368005
level1_S1_V1,"S1_1, S1_2, S1_3, S1_4, S1_5...",512,U,catboost_regressor,800,200,0.7639043284960197,0.7547847389154791,0.5548013197049203,0.5051975539611231
level1_S1_V1,"S1_1, S1_2, S1_3, S1_4, S1_5...",512,O,mlp_regressor,800,200,0.806192545307123,0.8002224584628526,0.6095790016159924,0.6674506961599053
level1_S1_V1,"S1_1, S1_2, S1_3, S1_4, S1_5...",512,O,ridge_regressor,800,200,0.8097873653702932,0.8098025701128461,0.6167191664456114,0.6340448228230456
level1_S1_V1,"S1_1, S1_2, S1_3, S1_4, S1_5...",512,O,decision_tree_regressor,800,200,0.6929859711346705,0.6828143888817888,0.49938577735943546,0.7867873987244034
level1_S1_V1,"S1_1, S1_2, S1_3, S1_4, S1_5...",512,O,random_forest_regressor,800,200,0.7737470302790211,0.7643651048448388,0.5778002398390967,0.6868797666569065
level1_S1_V1,"S1_1, S1_2, S1_3, S1_4, S1_5...",512,O,extra_trees_regressor,800,200,0.7738497593772394,0.7643471041653117,0.5757889258025843,0.687191891332546
level1_S1_V1,"S1_1, S1_2, S1_3, S1_4, S1_5...",512,O,gradient_boosting_regressor,800,200,0.8105788916165584,0.8056586636800414,0.619233308991252,0.6352273447362973
level1_S1_V1,"S1_1, S1_2, S1_3, S1_4, S1_5...",512,O,adaboost_regressor,800,200,0.7877246396096931,0.787112638914366,0.5982782471698901,0.673016358547237
level1_S1_V1,"S1_1, S1_2, S1_3, S1_4, S1_5...",512,O,xgboost_regressor,800,200,0.8136847424989282,0.8075959868141471,0.6090761731068643,0.6280802825896629
level1_S1_V1,"S1_1, S1_2, S1_3, S1_4, S1_5...",512,O,catboost_regressor,800,200,0.8180629395624407,0.8098580722080546,0.6296921419811163,0.6230333024123008
level1_U1_S1_V1,"U1_1, U1_2, U1_3, U1_4, U1_5...",768,TSV,mlp_regressor,800,200,0.7915299260426673,0.7595476074011341,0.5747846129066909,0.41575165526251884
level1_U1_S1_V1,"U1_1, U1_2, U1_3, U1_4, U1_5...",768,TSV,ridge_regressor,800,200,0.8197328930836302,0.7920729999440329,0.6053673594409753,0.3902669971212144
level1_U1_S1_V1,"U1_1, U1_2, U1_3, U1_4, U1_5...",768,TSV,decision_tree_regressor,800,200,0.6622958878046964,0.6080585104632867,0.44868069959383283,0.5185252393825545
level1_U1_S1_V1,"U1_1, U1_2, U1_3, U1_4, U1_5...",768,TSV,random_forest_regressor,800,200,0.7846114782239579,0.7470977286782107,0.5661329148739657,0.4114578546418848
level1_U1_S1_V1,"U1_1, U1_2, U1_3, U1_4, U1_5...",768,TSV,extra_trees_regressor,800,200,0.7821860929826525,0.737260981919301,0.5561734020223401,0.41326473689462484
level1_U1_S1_V1,"U1_1, U1_2, U1_3, U1_4, U1_5...",768,TSV,gradient_boosting_regressor,800,200,0.8112524395209719,0.7837198281061393,0.5973192682477425,0.3895419719506647
level1_U1_S1_V1,"U1_1, U1_2, U1_3, U1_4, U1_5...",768,TSV,adaboost_regressor,800,200,0.7975735474216669,0.7716952156001871,0.590140000691459,0.39986004099307126
level1_U1_S1_V1,"U1_1, U1_2, U1_3, U1_4, U1_5...",768,TSV,xgboost_regressor,800,200,0.8096878370257595,0.7764257097507906,0.5950054420296881,0.3893201403484763
level1_U1_S1_V1,"U1_1, U1_2, U1_3, U1_4, U1_5...",768,TSV,catboost_regressor,800,200,0.8103388505603102,0.7794933646683615,0.5970174648279963,0.39004916981202414
level1_U1_S1_V1,"U1_1, U1_2, U1_3, U1_4, U1_5...",768,B,mlp_regressor,800,200,0.6417040615332924,0.6045807444877175,0.4309849964121568,0.6656014201250788
level1_U1_S1_V1,"U1_1, U1_2, U1_3, U1_4, U1_5...",768,B,ridge_regressor,800,200,0.6955807276935064,0.6521621096464147,0.4695881894958463,0.5845131266866183
level1_U1_S1_V1,"U1_1, U1_2, U1_3, U1_4, U1_5...",768,B,decision_tree_regressor,800,200,0.33576699496468165,0.2980725895847189,0.2055474196844228,0.8435087240978548
level1_U1_S1_V1,"U1_1, U1_2, U1_3, U1_4, U1_5...",768,B,random_forest_regressor,800,200,0.6372410657109641,0.5742069792045728,0.408609255251376,0.6306229852545411
level1_U1_S1_V1,"U1_1, U1_2, U1_3, U1_4, U1_5...",768,B,extra_trees_regressor,800,200,0.6179333125304994,0.5691034305557231,0.40659342271436877,0.6415983185130999
level1_U1_S1_V1,"U1_1, U1_2, U1_3, U1_4, U1_5...",768,B,gradient_boosting_regressor,800,200,0.6973187940442792,0.6314801362638853,0.458702693796007,0.5849895821708309
level1_U1_S1_V1,"U1_1, U1_2, U1_3, U1_4, U1_5...",768,B,adaboost_regressor,800,200,0.6936389746754855,0.6738168184420312,0.4976275282542246,0.5939269068160367
level1_U1_S1_V1,"U1_1, U1_2, U1_3, U1_4, U1_5...",768,B,xgboost_regressor,800,200,0.7043607552607716,0.656667844028196,0.4781554777781273,0.5781384135662412
level1_U1_S1_V1,"U1_1, U1_2, U1_3, U1_4, U1_5...",768,B,catboost_regressor,800,200,0.7019361925696327,0.6708353670851438,0.496096387357492,0.580771033699525
level1_U1_S1_V1,"U1_1, U1_2, U1_3, U1_4, U1_5...",768,SR,mlp_regressor,800,200,0.6264558101608655,0.6129007096114932,0.44067970585741517,0.5879905012468643
level1_U1_S1_V1,"U1_1, U1_2, U1_3, U1_4, U1_5...",768,SR,ridge_regressor,800,200,0.663374111167465,0.6838634626805199,0.5006032980753069,0.5096944019464958
level1_U1_S1_V1,"U1_1, U1_2, U1_3, U1_4, U1_5...",768,SR,decision_tree_regressor,800,200,0.3538461765564218,0.3464271711705132,0.23576444534756208,0.7137500747404938
level1_U1_S1_V1,"U1_1, U1_2, U1_3, U1_4, U1_5...",768,SR,random_forest_regressor,800,200,0.6478998424816107,0.6397125608883821,0.4637040391089205,0.528595754235816
level1_U1_S1_V1,"U1_1, U1_2, U1_3, U1_4, U1_5...",768,SR,extra_trees_regressor,800,200,0.6465617922798066,0.6344008922427817,0.4600844932702559,0.5291962274819666
level1_U1_S1_V1,"U1_1, U1_2, U1_3, U1_4, U1_5...",768,SR,gradient_boosting_regressor,800,200,0.6686255859244186,0.6535467501242056,0.4734567042853224,0.507395074617466
level1_U1_S1_V1,"U1_1, U1_2, U1_3, U1_4, U1_5...",768,SR,adaboost_regressor,800,200,0.6530738772804816,0.642543950128382,0.46327232571242116,0.5203470026884061
level1_U1_S1_V1,"U1_1, U1_2, U1_3, U1_4, U1_5...",768,SR,xgboost_regressor,800,200,0.6566963064038984,0.6498266320103707,0.47295398958550783,0.5133399159248627
level1_U1_S1_V1,"U1_1, U1_2, U1_3, U1_4, U1_5...",768,SR,catboost_regressor,800,200,0.6746277198321,0.6548037900352515,0.47868493716339344,0.5032207494184039
level1_U1_S1_V1,"U1_1, U1_2, U1_3, U1_4, U1_5...",768,S,mlp_regressor,800,200,0.8246254687631184,0.8365872921230075,0.6394291178484781,0.487050152566701
level1_U1_S1_V1,"U1_1, U1_2, U1_3, U1_4, U1_5...",768,S,ridge_regressor,800,200,0.8180753435989826,0.8302818797586374,0.6301824220229421,0.4512185230987574
level1_U1_S1_V1,"U1_1, U1_2, U1_3, U1_4, U1_5...",768,S,decision_tree_regressor,800,200,0.683349659771056,0.6836719399089436,0.4979114755304388,0.6160744446114832
level1_U1_S1_V1,"U1_1, U1_2, U1_3, U1_4, U1_5...",768,S,random_forest_regressor,800,200,0.7711625289543156,0.7664439859328535,0.5655560588075113,0.4986648376919722
level1_U1_S1_V1,"U1_1, U1_2, U1_3, U1_4, U1_5...",768,S,extra_trees_regressor,800,200,0.7726613976497089,0.7655814637229063,0.5657570739341533,0.4975259705275342
level1_U1_S1_V1,"U1_1, U1_2, U1_3, U1_4, U1_5...",768,S,gradient_boosting_regressor,800,200,0.7983060749315287,0.7958379928285392,0.592793608467514,0.47187073008416863
level1_U1_S1_V1,"U1_1, U1_2, U1_3, U1_4, U1_5...",768,S,adaboost_regressor,800,200,0.7946873625344993,0.7916020075561641,0.5828075220608866,0.4786506483784776
level1_U1_S1_V1,"U1_1, U1_2, U1_3, U1_4, U1_5...",768,S,xgboost_regressor,800,200,0.8050834506066769,0.7994590860716912,0.6027438572362973,0.46500265784728234
level1_U1_S1_V1,"U1_1, U1_2, U1_3, U1_4, U1_5...",768,S,catboost_regressor,800,200,0.8249289722507013,0.8245284816086333,0.6250565362935689,0.4427149023511601
level1_U1_S1_V1,"U1_1, U1_2, U1_3, U1_4, U1_5...",768,U,mlp_regressor,800,200,0.7606051348848881,0.7656939621048767,0.5761282244696426,0.5087864931218595
level1_U1_S1_V1,"U1_1, U1_2, U1_3, U1_4, U1_5...",768,U,ridge_regressor,800,200,0.7949702567662245,0.7988941521687258,0.60077488327793,0.4774030061560321
level1_U1_S1_V1,"U1_1, U1_2, U1_3, U1_4, U1_5...",768,U,decision_tree_regressor,800,200,0.6219459057190273,0.6070475845128785,0.431349925648547,0.6260515734551699
level1_U1_S1_V1,"U1_1, U1_2, U1_3, U1_4, U1_5...",768,U,random_forest_regressor,800,200,0.7369263331878669,0.7204640002476451,0.5296516678597291,0.531616928200813
level1_U1_S1_V1,"U1_1, U1_2, U1_3, U1_4, U1_5...",768,U,extra_trees_regressor,800,200,0.7410829726094359,0.7299399112668853,0.5348827954435288,0.5291235465711183
level1_U1_S1_V1,"U1_1, U1_2, U1_3, U1_4, U1_5...",768,U,gradient_boosting_regressor,800,200,0.7510783302168667,0.7400015976942328,0.5454456492185092,0.5148054425282124
level1_U1_S1_V1,"U1_1, U1_2, U1_3, U1_4, U1_5...",768,U,adaboost_regressor,800,200,0.738246925533443,0.7383106178662459,0.5440798799838024,0.5318506055703395
level1_U1_S1_V1,"U1_1, U1_2, U1_3, U1_4, U1_5...",768,U,xgboost_regressor,800,200,0.7645231549822166,0.755569272944775,0.5572156862820588,0.5049611896128594
level1_U1_S1_V1,"U1_1, U1_2, U1_3, U1_4, U1_5...",768,U,catboost_regressor,800,200,0.770015585532805,0.7669180151983863,0.5666719553758507,0.4991075740802118
level1_U1_S1_V1,"U1_1, U1_2, U1_3, U1_4, U1_5...",768,O,mlp_regressor,800,200,0.7941866468827787,0.7882107550200713,0.5857449302833206,0.6799698711214937
level1_U1_S1_V1,"U1_1, U1_2, U1_3, U1_4, U1_5...",768,O,ridge_regressor,800,200,0.8225481160226352,0.824894639839705,0.6340164671596179,0.6183079549532896
level1_U1_S1_V1,"U1_1, U1_2, U1_3, U1_4, U1_5...",768,O,decision_tree_regressor,800,200,0.6949499668271609,0.6624995206666305,0.4892521034874224,0.7885887528499326
level1_U1_S1_V1,"U1_1, U1_2, U1_3, U1_4, U1_5...",768,O,random_forest_regressor,800,200,0.7766453078284982,0.7677649831905228,0.5812194737011678,0.6841773396742564
level1_U1_S1_V1,"U1_1, U1_2, U1_3, U1_4, U1_5...",768,O,extra_trees_regressor,800,200,0.7783875587294966,0.7694165455371357,0.5815211708066446,0.682823874649944
level1_U1_S1_V1,"U1_1, U1_2, U1_3, U1_4, U1_5...",768,O,gradient_boosting_regressor,800,200,0.8193371590393776,0.8101963349775018,0.6204400974131593,0.6210081271268509
level1_U1_S1_V1,"U1_1, U1_2, U1_3, U1_4, U1_5...",768,O,adaboost_regressor,800,200,0.788854846843319,0.7841257221663829,0.5944776686906768,0.667720004397283
level1_U1_S1_V1,"U1_1, U1_2, U1_3, U1_4, U1_5...",768,O,xgboost_regressor,800,200,0.8294047393724308,0.8218502749146817,0.6285859192610346,0.604288652406536
level1_U1_S1_V1,"U1_1, U1_2, U1_3, U1_4, U1_5...",768,O,catboost_regressor,800,200,0.8140118265624683,0.8041698574774863,0.6110874871433768,0.6283652870056138
level2_U2,"U2_1, U2_2, U2_3, U2_4, U2_5...",128,TSV,mlp_regressor,800,200,0.6861258185278805,0.6806503730651475,0.4962151226327562,0.5190148746692143
level2_U2,"U2_1, U2_2, U2_3, U2_4, U2_5...",128,TSV,ridge_regressor,800,200,0.7071978023317163,0.693449769438826,0.5001385670894571,0.4716952873436791
level2_U2,"U2_1, U2_2, U2_3, U2_4, U2_5...",128,TSV,decision_tree_regressor,800,200,0.6008690385234005,0.5775959782149522,0.406321532545676,0.5821544962951105
level2_U2,"U2_1, U2_2, U2_3, U2_4, U2_5...",128,TSV,random_forest_regressor,800,200,0.7426241515040292,0.7054361247536666,0.5208624019120315,0.4497476656978427
level2_U2,"U2_1, U2_2, U2_3, U2_4, U2_5...",128,TSV,extra_trees_regressor,800,200,0.7337486326337399,0.6917779350106438,0.5066776411839587,0.4576110338618744
level2_U2,"U2_1, U2_2, U2_3, U2_4, U2_5...",128,TSV,gradient_boosting_regressor,800,200,0.7180188688908283,0.6686347662730977,0.4863562109210461,0.4635841707121842
level2_U2,"U2_1, U2_2, U2_3, U2_4, U2_5...",128,TSV,adaboost_regressor,800,200,0.7470877381338074,0.707427614378413,0.5213012447442601,0.44436173212341507
level2_U2,"U2_1, U2_2, U2_3, U2_4, U2_5...",128,TSV,xgboost_regressor,800,200,0.7324626190859773,0.6875042191866052,0.504062011546158,0.4523897485236451
level2_U2,"U2_1, U2_2, U2_3, U2_4, U2_5...",128,TSV,catboost_regressor,800,200,0.7530695514185435,0.7144320790522837,0.5287092908254334,0.43639580486985186
level2_U2,"U2_1, U2_2, U2_3, U2_4, U2_5...",128,B,mlp_regressor,800,200,0.45034091821248295,0.440751132246809,0.30197171404369083,0.7857627616668412
level2_U2,"U2_1, U2_2, U2_3, U2_4, U2_5...",128,B,ridge_regressor,800,200,0.5426013855516824,0.4949144549883481,0.3444049889476941,0.683403412207873
level2_U2,"U2_1, U2_2, U2_3, U2_4, U2_5...",128,B,decision_tree_regressor,800,200,0.3856547440712163,0.31802897908543776,0.2171012532042421,0.7873801203740957
level2_U2,"U2_1, U2_2, U2_3, U2_4, U2_5...",128,B,random_forest_regressor,800,200,0.5616946164050762,0.504340718343741,0.3515611944540699,0.676613143201514
level2_U2,"U2_1, U2_2, U2_3, U2_4, U2_5...",128,B,extra_trees_regressor,800,200,0.5603066520956411,0.5036446435133277,0.3530730688568254,0.6776723322749781
level2_U2,"U2_1, U2_2, U2_3, U2_4, U2_5...",128,B,gradient_boosting_regressor,800,200,0.5975912922176925,0.5357473446629625,0.37393693561485075,0.6641798764387218
level2_U2,"U2_1, U2_2, U2_3, U2_4, U2_5...",128,B,adaboost_regressor,800,200,0.5606191666431576,0.5183456415416099,0.3640840685791364,0.6937144923281711
level2_U2,"U2_1, U2_2, U2_3, U2_4, U2_5...",128,B,xgboost_regressor,800,200,0.5625985351753898,0.51027610641816,0.3581126501993436,0.6705540969727251
level2_U2,"U2_1, U2_2, U2_3, U2_4, U2_5...",128,B,catboost_regressor,800,200,0.5745133507904958,0.4939918558057959,0.3408772820079313,0.6661231029063155
level2_U2,"U2_1, U2_2, U2_3, U2_4, U2_5...",128,SR,mlp_regressor,800,200,0.537320678373216,0.521400804487421,0.3624572985662746,0.6349907864662738
level2_U2,"U2_1, U2_2, U2_3, U2_4, U2_5...",128,SR,ridge_regressor,800,200,0.5025827515300693,0.47815443141409075,0.33691939181569663,0.5941679060069393
level2_U2,"U2_1, U2_2, U2_3, U2_4, U2_5...",128,SR,decision_tree_regressor,800,200,0.47794743118139743,0.47611920697793725,0.3343006038788829,0.6394445491805095
level2_U2,"U2_1, U2_2, U2_3, U2_4, U2_5...",128,SR,random_forest_regressor,800,200,0.5921982438042994,0.5603300404915511,0.39613918345384797,0.5685262195574131
level2_U2,"U2_1, U2_2, U2_3, U2_4, U2_5...",128,SR,extra_trees_regressor,800,200,0.6123138469963164,0.5910367654307676,0.4148401702869484,0.5636115519636278
level2_U2,"U2_1, U2_2, U2_3, U2_4, U2_5...",128,SR,gradient_boosting_regressor,800,200,0.5898917811406037,0.5812557048818722,0.4059923915702127,0.565434342545528
level2_U2,"U2_1, U2_2, U2_3, U2_4, U2_5...",128,SR,adaboost_regressor,800,200,0.5151688362674032,0.502069938112891,0.3503942434284992,0.585689573219666
level2_U2,"U2_1, U2_2, U2_3, U2_4, U2_5...",128,SR,xgboost_regressor,800,200,0.5953750730141298,0.5824489927687898,0.40780216448954504,0.5662715783012064
level2_U2,"U2_1, U2_2, U2_3, U2_4, U2_5...",128,SR,catboost_regressor,800,200,0.5844995872580812,0.5759830374745618,0.40327773219121427,0.5620565194866307
level2_U2,"U2_1, U2_2, U2_3, U2_4, U2_5...",128,S,mlp_regressor,800,200,0.7123325974180201,0.7307588170397444,0.5368108956976928,0.5969952282857489
level2_U2,"U2_1, U2_2, U2_3, U2_4, U2_5...",128,S,ridge_regressor,800,200,0.6904203881803257,0.6846971309513146,0.4890698031201972,0.5700990885702665
level2_U2,"U2_1, U2_2, U2_3, U2_4, U2_5...",128,S,decision_tree_regressor,800,200,0.616611929373175,0.6241101895981653,0.4378457568779206,0.6486479670969694
level2_U2,"U2_1, U2_2, U2_3, U2_4, U2_5...",128,S,random_forest_regressor,800,200,0.7458056337473562,0.7369667268934248,0.5374139410776191,0.5340978060355155
level2_U2,"U2_1, U2_2, U2_3, U2_4, U2_5...",128,S,extra_trees_regressor,800,200,0.7449238811582828,0.7362092073872973,0.5366098805710506,0.5388272361494447
level2_U2,"U2_1, U2_2, U2_3, U2_4, U2_5...",128,S,gradient_boosting_regressor,800,200,0.7107607806468335,0.7047766479988842,0.5086687779678006,0.5543079154665747
level2_U2,"U2_1, U2_2, U2_3, U2_4, U2_5...",128,S,adaboost_regressor,800,200,0.7252688650013914,0.7270686828079065,0.5304484380883668,0.5448824371606942
level2_U2,"U2_1, U2_2, U2_3, U2_4, U2_5...",128,S,xgboost_regressor,800,200,0.7299939915937238,0.7197035323661609,0.5219357763261784,0.5366198659455812
level2_U2,"U2_1, U2_2, U2_3, U2_4, U2_5...",128,S,catboost_regressor,800,200,0.7371170598832456,0.7270769722322395,0.5338961763613825,0.5312836739148064
level2_U2,"U2_1, U2_2, U2_3, U2_4, U2_5...",128,U,mlp_regressor,800,200,0.5801130538043018,0.5827227756987757,0.4140638679792298,0.6782652114027172
level2_U2,"U2_1, U2_2, U2_3, U2_4, U2_5...",128,U,ridge_regressor,800,200,0.5677817144123859,0.5683649029236201,0.3970627033318805,0.6475509898103298
level2_U2,"U2_1, U2_2, U2_3, U2_4, U2_5...",128,U,decision_tree_regressor,800,200,0.48141861113130047,0.45234630256095726,0.31792994908825517,0.709860748306331
level2_U2,"U2_1, U2_2, U2_3, U2_4, U2_5...",128,U,random_forest_regressor,800,200,0.6680624346130127,0.6487196383238342,0.4701978908976968,0.5931410439227645
level2_U2,"U2_1, U2_2, U2_3, U2_4, U2_5...",128,U,extra_trees_regressor,800,200,0.6671416328535661,0.6471970722822751,0.4717068700084082,0.5976446499901702
level2_U2,"U2_1, U2_2, U2_3, U2_4, U2_5...",128,U,gradient_boosting_regressor,800,200,0.6570058105628187,0.6387412055076261,0.466274545209847,0.5872180338616831
level2_U2,"U2_1, U2_2, U2_3, U2_4, U2_5...",128,U,adaboost_regressor,800,200,0.6107052747161086,0.5766832703489296,0.4108131639856328,0.6171830163702983
level2_U2,"U2_1, U2_2, U2_3, U2_4, U2_5...",128,U,xgboost_regressor,800,200,0.6554622934727558,0.6305786014532971,0.45078235967320907,0.5880844035848991
level2_U2,"U2_1, U2_2, U2_3, U2_4, U2_5...",128,U,catboost_regressor,800,200,0.6586457014447178,0.634123255203252,0.456818276116055,0.5903300246634052
level2_U2,"U2_1, U2_2, U2_3, U2_4, U2_5...",128,O,mlp_regressor,800,200,0.6349942375502721,0.6261656378037245,0.4441484221128484,0.8923214555983666
level2_U2,"U2_1, U2_2, U2_3, U2_4, U2_5...",128,O,ridge_regressor,800,200,0.6483992596455095,0.6545744602390807,0.46778136204186904,0.8253612313055653
level2_U2,"U2_1, U2_2, U2_3, U2_4, U2_5...",128,O,decision_tree_regressor,800,200,0.6657968018599033,0.6513301859183781,0.47473954390137224,0.8311218607882683
level2_U2,"U2_1, U2_2, U2_3, U2_4, U2_5...",128,O,random_forest_regressor,800,200,0.7201836153675242,0.7138701986580259,0.5281207831372406,0.7692856823256006
level2_U2,"U2_1, U2_2, U2_3, U2_4, U2_5...",128,O,extra_trees_regressor,800,200,0.7093169592157061,0.7036270619787837,0.5162540303218176,0.7834734166486024
level2_U2,"U2_1, U2_2, U2_3, U2_4, U2_5...",128,O,gradient_boosting_regressor,800,200,0.699056980378648,0.6810429594270766,0.4987555982041598,0.7724275680835866
level2_U2,"U2_1, U2_2, U2_3, U2_4, U2_5...",128,O,adaboost_regressor,800,200,0.6973635844740315,0.698147865573168,0.5147061179951624,0.7763038529078452
level2_U2,"U2_1, U2_2, U2_3, U2_4, U2_5...",128,O,xgboost_regressor,800,200,0.7168825857143852,0.7010747156275013,0.519572698482063,0.7537610055730363
level2_U2,"U2_1, U2_2, U2_3, U2_4, U2_5...",128,O,catboost_regressor,800,200,0.7206119708565943,0.7044595934069128,0.5169579902345969,0.7486875524382123
level2_S2,"S2_1, S2_2, S2_3, S2_4, S2_5...",128,TSV,mlp_regressor,800,200,0.8017308208674708,0.7585523071381473,0.5722695844088056,0.3961955465246459
level2_S2,"S2_1, S2_2, S2_3, S2_4, S2_5...",128,TSV,ridge_regressor,800,200,0.8000192551483055,0.7668439758701141,0.5811224847213616,0.3990674651965399
level2_S2,"S2_1, S2_2, S2_3, S2_4, S2_5...",128,TSV,decision_tree_regressor,800,200,0.7331159891752271,0.6693882783525053,0.5081893575889299,0.47123665517497
level2_S2,"S2_1, S2_2, S2_3, S2_4, S2_5...",128,TSV,random_forest_regressor,800,200,0.7758127522682174,0.7289708132630883,0.5467168948702917,0.4188240375078843
level2_S2,"S2_1, S2_2, S2_3, S2_4, S2_5...",128,TSV,extra_trees_regressor,800,200,0.7713797072355036,0.7195143357078972,0.5375621911379894,0.4228290704713619
level2_S2,"S2_1, S2_2, S2_3, S2_4, S2_5...",128,TSV,gradient_boosting_regressor,800,200,0.8006112385311399,0.7533005419222963,0.5669377239932889,0.3989755655628139
level2_S2,"S2_1, S2_2, S2_3, S2_4, S2_5...",128,TSV,adaboost_regressor,800,200,0.7970690758980296,0.7484644354490858,0.5660093143684864,0.40044283097510197
level2_S2,"S2_1, S2_2, S2_3, S2_4, S2_5...",128,TSV,xgboost_regressor,800,200,0.7989903782653346,0.753730313625907,0.5708611684499899,0.39941177105911513
level2_S2,"S2_1, S2_2, S2_3, S2_4, S2_5...",128,TSV,catboost_regressor,800,200,0.8082058844574908,0.7695111105612833,0.5872591542562016,0.39068626091635095
level2_S2,"S2_1, S2_2, S2_3, S2_4, S2_5...",128,B,mlp_regressor,800,200,0.6490715791902442,0.6101830967596543,0.4344119117250692,0.623150052380887
level2_S2,"S2_1, S2_2, S2_3, S2_4, S2_5...",128,B,ridge_regressor,800,200,0.640897474468372,0.6090009696769696,0.4316905378001094,0.6228640591101249
level2_S2,"S2_1, S2_2, S2_3, S2_4, S2_5...",128,B,decision_tree_regressor,800,200,0.46986058398267205,0.4553444354060662,0.3235984619897853,0.7737125962721518
level2_S2,"S2_1, S2_2, S2_3, S2_4, S2_5...",128,B,random_forest_regressor,800,200,0.5826639370900379,0.542460566357143,0.37988364159902227,0.6609169387436538
level2_S2,"S2_1, S2_2, S2_3, S2_4, S2_5...",128,B,extra_trees_regressor,800,200,0.5589178441316758,0.5223224014358739,0.36113639900485456,0.673351391683123
level2_S2,"S2_1, S2_2, S2_3, S2_4, S2_5...",128,B,gradient_boosting_regressor,800,200,0.6449264398158815,0.6171460953056965,0.4465069069471129,0.6226474070854218
level2_S2,"S2_1, S2_2, S2_3, S2_4, S2_5...",128,B,adaboost_regressor,800,200,0.6189396197329768,0.5904350842538303,0.4246787219125163,0.6506377606442229
level2_S2,"S2_1, S2_2, S2_3, S2_4, S2_5...",128,B,xgboost_regressor,800,200,0.6375120491985878,0.6054965929445437,0.4340087452176678,0.6261017877957317
level2_S2,"S2_1, S2_2, S2_3, S2_4, S2_5...",128,B,catboost_regressor,800,200,0.6518636982589666,0.6076193211450499,0.43713328565002907,0.6166529198638141
