scaling_method,dataset_type,dataset_name,label,model,train_samples,test_samples,PLCC,SRCC,KRCC,RMSE
log,all_features,all_features_log,TSV,linear_regression,800,200,0.5912646184637597,0.5888869889844153,0.40999994572525045,0.7316148151971901
log,all_features,all_features_log,TSV,svr,800,200,0.8501504618417957,0.8290881192195915,0.6455072142672236,0.35113895337146706
log,all_features,all_features_log,TSV,random_forest,800,200,0.7908416291462599,0.7596511126281819,0.5754888208860987,0.4060905270647883
log,all_features,all_features_log,TSV,gbm,800,200,0.8233029284281577,0.7920197472547548,0.6069769776796218,0.3771025223328907
log,all_features,all_features_log,B,linear_regression,800,200,0.4027348579849486,0.43367787184724227,0.29914954849188063,1.5136963381207889
log,all_features,all_features_log,B,svr,800,200,0.7244655703596815,0.7064589467412012,0.5234109182339407,0.5607350465036525
log,all_features,all_features_log,B,random_forest,800,200,0.6506937824718095,0.6034916274039241,0.43491586985932107,0.6222834251906691
log,all_features,all_features_log,B,gbm,800,200,0.7174707296983284,0.6670167065661412,0.4942821380741855,0.5688753019237857
log,all_features,all_features_log,SR,linear_regression,800,200,0.2881782531477709,0.29673342129288627,0.20249348108529183,1.1706262785695256
log,all_features,all_features_log,SR,svr,800,200,0.7386016942336103,0.7498978092725286,0.5561030009348308,0.4581385730446917
log,all_features,all_features_log,SR,random_forest,800,200,0.637165820793818,0.6236515509509507,0.4478182545947815,0.5350948515496801
log,all_features,all_features_log,SR,gbm,800,200,0.6744395230192298,0.6402623283435115,0.4587774350507381,0.5038601206665294
log,all_features,all_features_log,S,linear_regression,800,200,0.5413640254745556,0.5696321680284869,0.3990150263845423,0.9703517020443732
log,all_features,all_features_log,S,svr,800,200,0.838558842662541,0.8413859156875656,0.643851450634604,0.4271070985050357
log,all_features,all_features_log,S,random_forest,800,200,0.7742397540203024,0.7700343283841725,0.5681692554538584,0.4959168684275327
log,all_features,all_features_log,S,gbm,800,200,0.7950711956669645,0.7924351552054695,0.5926931009041929,0.4752802940306273
log,all_features,all_features_log,U,linear_regression,800,200,0.39597283598576255,0.43131745846757935,0.301695223534915,1.0574997152204053
log,all_features,all_features_log,U,svr,800,200,0.8071105679579552,0.8113536926033957,0.6118407300898142,0.46290121387153454
log,all_features,all_features_log,U,random_forest,800,200,0.7400950634445712,0.7312442178414033,0.5393091341682825,0.5287894289551659
log,all_features,all_features_log,U,gbm,800,200,0.7840531400929694,0.7902380267078225,0.592626396080088,0.48977825731179264
log,all_features,all_features_log,O,linear_regression,800,200,0.540670513485888,0.5745254383819989,0.41277192314325517,1.2772987299281329
log,all_features,all_features_log,O,svr,800,200,0.8404694496035536,0.8372768572694194,0.6480956654152047,0.5852035220498858
log,all_features,all_features_log,O,random_forest,800,200,0.7850599691932505,0.7780801225878736,0.587756244319833,0.6741485434091657
log,all_features,all_features_log,O,gbm,800,200,0.8285121606511672,0.8201372102463512,0.6314017589121519,0.606523688939951
log,by_component,by_component_log,TSV,linear_regression,800,200,0.5953938994119328,0.600289064792951,0.41925525059746815,0.7121059066300803
log,by_component,by_component_log,TSV,svr,800,200,0.8469349540776379,0.8264629866495432,0.6430927869092538,0.3548742718924127
log,by_component,by_component_log,TSV,random_forest,800,200,0.790826897543969,0.7596511126281819,0.5754888208860987,0.40610268915971454
log,by_component,by_component_log,TSV,gbm,800,200,0.8233029284281577,0.7920197472547548,0.6069769776796218,0.3771025223328907
log,by_component,by_component_log,B,linear_regression,800,200,0.4206083657490699,0.4472513310403027,0.3073136702667601,1.4010549488986037
log,by_component,by_component_log,B,svr,800,200,0.707758485727993,0.692648462067095,0.5106103816239445,0.574619848279801
log,by_component,by_component_log,B,random_forest,800,200,0.6507199914523675,0.6035118795811022,0.43491586985932107,0.6222681579031303
log,by_component,by_component_log,B,gbm,800,200,0.7174707296983284,0.6670167065661412,0.4942821380741855,0.5688753019237857
log,by_component,by_component_log,SR,linear_regression,800,200,0.2969204036191717,0.2931558077035733,0.19907502112655304,1.126466637627614
log,by_component,by_component_log,SR,svr,800,200,0.7303890553672933,0.7387689559311815,0.5469535933982064,0.46490368452315534
log,by_component,by_component_log,SR,random_forest,800,200,0.6371987771562925,0.6236515509509507,0.4478182545947815,0.5350831189293753
log,by_component,by_component_log,SR,gbm,800,200,0.6744395230192298,0.6402623283435115,0.4587774350507381,0.5038601206665294
log,by_component,by_component_log,S,linear_regression,800,200,0.5412639510434055,0.5693666611916858,0.4010251776509632,0.9381451821527304
log,by_component,by_component_log,S,svr,800,200,0.8323159025712455,0.8326421905366407,0.6321925732893631,0.43431043908935923
log,by_component,by_component_log,S,random_forest,800,200,0.7742245109346533,0.7700343283841725,0.5681692554538584,0.49593057635795534
log,by_component,by_component_log,S,gbm,800,200,0.7950711956669645,0.7924351552054695,0.5926931009041929,0.4752802940306273
log,by_component,by_component_log,U,linear_regression,800,200,0.42085817190461805,0.44573458381282527,0.3099443093401378,0.9843611025017743
log,by_component,by_component_log,U,svr,800,200,0.7976307290505971,0.7999141964133172,0.5998694958115033,0.4722709146015738
log,by_component,by_component_log,U,random_forest,800,200,0.7400937825266642,0.7312127164750261,0.5394097327756634,0.5287937345567618
log,by_component,by_component_log,U,gbm,800,200,0.7840531400929694,0.7902380267078225,0.592626396080088,0.48977825731179264
log,by_component,by_component_log,O,linear_regression,800,200,0.5499280905349536,0.5822987318244582,0.4155877627943725,1.2302491886095617
log,by_component,by_component_log,O,svr,800,200,0.8322130233517234,0.8293430577678435,0.6394470150582015,0.5989219530254078
log,by_component,by_component_log,O,random_forest,800,200,0.7850544699422175,0.7780906229842642,0.5878568100216587,0.6741518159732137
log,by_component,by_component_log,O,gbm,800,200,0.828618222652689,0.8203052165886041,0.6318040217194544,0.6063547760471781
log,s_only,s_only_log,TSV,linear_regression,800,200,0.6051885232860723,0.6182097197918551,0.437162253502411,0.6981980324500813
log,s_only,s_only_log,TSV,svr,800,200,0.839383119224271,0.8122347681198812,0.6273990090824499,0.3633826793630088
log,s_only,s_only_log,TSV,random_forest,800,200,0.7908339360390734,0.7596511126281819,0.5754888208860987,0.40609609798117335
log,s_only,s_only_log,TSV,gbm,800,200,0.8233029284281577,0.7920197472547548,0.6069769776796218,0.3771025223328907
log,s_only,s_only_log,B,linear_regression,800,200,0.44767646390259785,0.46404563648529734,0.32354112218966874,1.2660581747610717
log,s_only,s_only_log,B,svr,800,200,0.6927589083118645,0.6712119075645269,0.49014968137332054,0.5867172405317821
log,s_only,s_only_log,B,random_forest,800,200,0.6506878056528832,0.6032801046645098,0.4348150782324707,0.6222860556485798
log,s_only,s_only_log,B,gbm,800,200,0.7174707296983284,0.6670167065661412,0.4942821380741855,0.5688753019237857
log,s_only,s_only_log,SR,linear_regression,800,200,0.3130755655721892,0.3051726892398358,0.20581139810406773,1.0945760530546331
log,s_only,s_only_log,SR,svr,800,200,0.7042338004426488,0.7095450280708061,0.520711886067888,0.4832234706423753
log,s_only,s_only_log,SR,random_forest,800,200,0.6371506757452149,0.6235030462359228,0.44761716871485563,0.5351082525770725
log,s_only,s_only_log,SR,gbm,800,200,0.6744395230192298,0.6402623283435115,0.4587774350507381,0.5038601206665294
log,s_only,s_only_log,S,linear_regression,800,200,0.5443535688246869,0.5716377196714424,0.4036383742973103,0.9133203097869096
log,s_only,s_only_log,S,svr,800,200,0.8197192487417411,0.8204176257540939,0.6202321732541588,0.44884610115598206
log,s_only,s_only_log,S,random_forest,800,200,0.7742118845709762,0.7702983351823477,0.5686717932704636,0.49593998933972827
log,s_only,s_only_log,S,gbm,800,200,0.7950711956669645,0.7924351552054695,0.5926931009041929,0.4752802940306273
log,s_only,s_only_log,U,linear_regression,800,200,0.4518214078311887,0.458699646174594,0.3169862118567913,0.9166082035250968
log,s_only,s_only_log,U,svr,800,200,0.7786910762937533,0.780459852577869,0.5830695283789155,0.49055924474707174
log,s_only,s_only_log,U,random_forest,800,200,0.7399317679283209,0.7308151992326486,0.5393091341682825,0.528919718964774
log,s_only,s_only_log,U,gbm,800,200,0.7840531400929694,0.7902380267078225,0.592626396080088,0.48977825731179264
log,s_only,s_only_log,O,linear_regression,800,200,0.5576310835213486,0.5819034669031752,0.42001265367469975,1.2079123342170082
log,s_only,s_only_log,O,svr,800,200,0.8188796135926101,0.8152785268306573,0.6243621597843585,0.6197443733565663
log,s_only,s_only_log,O,random_forest,800,200,0.7850904270657816,0.7779946193601196,0.5878568100216587,0.6741068482851085
log,s_only,s_only_log,O,gbm,800,200,0.828618222652689,0.8203052165886041,0.6318040217194544,0.6063547760471781
log1p,all_features,all_features_log1p,TSV,linear_regression,800,200,0.6203763841211617,0.6232732255005399,0.446015153814967,0.6645247379609536
log1p,all_features,all_features_log1p,TSV,svr,800,200,0.8317048672468019,0.8027602896556384,0.6184455076299784,0.37240618983660445
log1p,all_features,all_features_log1p,TSV,random_forest,800,200,0.7908374691757737,0.7597021152038285,0.5755894220260142,0.40609273817481717
log1p,all_features,all_features_log1p,TSV,gbm,800,200,0.8233029284281577,0.7920197472547548,0.6069769776796218,0.3771025223328907
log1p,all_features,all_features_log1p,B,linear_regression,800,200,0.43985579999525976,0.44764737361622753,0.31305879299723083,1.231858083108587
log1p,all_features,all_features_log1p,B,svr,800,200,0.6863018959619996,0.6624697177493677,0.47755072801702503,0.5912988763733439
log1p,all_features,all_features_log1p,B,random_forest,800,200,0.6506878056528832,0.6032801046645098,0.4348150782324707,0.6222860556485798
log1p,all_features,all_features_log1p,B,gbm,800,200,0.7174707296983284,0.6670167065661412,0.4942821380741855,0.5688753019237857
log1p,all_features,all_features_log1p,SR,linear_regression,800,200,0.32550473466305263,0.32552758550825606,0.22240098319794716,1.0816193777051681
log1p,all_features,all_features_log1p,SR,svr,800,200,0.695090399114812,0.6943262948756804,0.5093505338520796,0.4899866110073028
log1p,all_features,all_features_log1p,SR,random_forest,800,200,0.6371085150196137,0.6235645481886111,0.44771771165481855,0.5351261425791531
log1p,all_features,all_features_log1p,SR,gbm,800,200,0.6744395230192298,0.6402623283435115,0.4587774350507381,0.5038601206665294
log1p,all_features,all_features_log1p,S,linear_regression,800,200,0.5288802911830287,0.5590621458504129,0.3968038599914793,0.9297826716834894
log1p,all_features,all_features_log1p,S,svr,800,200,0.8079397099409796,0.8043844629001459,0.6018392891664078,0.46212464078924476
log1p,all_features,all_features_log1p,S,random_forest,800,200,0.7742470844239403,0.7701213306244802,0.5683702705805004,0.4959084811466025
log1p,all_features,all_features_log1p,S,gbm,800,200,0.7950711956669645,0.7924351552054695,0.5926931009041929,0.4752802940306273
log1p,all_features,all_features_log1p,U,linear_regression,800,200,0.47029878816318094,0.4640721292069526,0.3294604391720062,0.8736601597300278
log1p,all_features,all_features_log1p,U,svr,800,200,0.7745247658327067,0.769367621450471,0.5739150551072658,0.49455142227749954
log1p,all_features,all_features_log1p,U,random_forest,800,200,0.7400493196639512,0.7308909525184601,0.5393091341682825,0.5288190311695702
log1p,all_features,all_features_log1p,U,gbm,800,200,0.7840531400929694,0.7902380267078225,0.592626396080088,0.48977825731179264
log1p,all_features,all_features_log1p,O,linear_regression,800,200,0.5479432068315007,0.5730816338782615,0.41729737972540804,1.1839838763017818
log1p,all_features,all_features_log1p,O,svr,800,200,0.8149748076491449,0.825879427015501,0.6336142043523155,0.6344103288774565
log1p,all_features,all_features_log1p,O,random_forest,800,200,0.7854965473230416,0.7783231317614896,0.587756244319833,0.6736121351839617
log1p,all_features,all_features_log1p,O,gbm,800,200,0.828618222652689,0.8203052165886041,0.6318040217194544,0.6063547760471781
log1p,by_component,by_component_log1p,TSV,linear_regression,800,200,0.6217680050293197,0.6245047876948311,0.4475241709136981,0.6618085553658184
log1p,by_component,by_component_log1p,TSV,svr,800,200,0.8306441991458033,0.8008791946597292,0.615628675712347,0.3736390352334503
log1p,by_component,by_component_log1p,TSV,random_forest,800,200,0.7908417213701316,0.7598656234610487,0.5757906243058449,0.40608937728471545
log1p,by_component,by_component_log1p,TSV,gbm,800,200,0.8233029284281577,0.7920197472547548,0.6069769776796218,0.3771025223328907
log1p,by_component,by_component_log1p,B,linear_regression,800,200,0.44189702973426354,0.4475566138592448,0.31225245998242795,1.2180892636640246
log1p,by_component,by_component_log1p,B,svr,800,200,0.6851322339781271,0.6604647522087482,0.4759380619874192,0.5921398112502118
log1p,by_component,by_component_log1p,B,random_forest,800,200,0.6506878056528832,0.6032801046645098,0.4348150782324707,0.6222860556485798
log1p,by_component,by_component_log1p,B,gbm,800,200,0.7174707296983284,0.6670167065661412,0.4942821380741855,0.5688753019237857
log1p,by_component,by_component_log1p,SR,linear_regression,800,200,0.3259198554411039,0.325071571029786,0.22230044025798423,1.0797398216960004
log1p,by_component,by_component_log1p,SR,svr,800,200,0.6839144650384547,0.6975086459153985,0.5031168715743796,0.5117506926293865
log1p,by_component,by_component_log1p,SR,random_forest,800,200,0.6371085150196137,0.6235645481886111,0.44771771165481855,0.5351261425791531
log1p,by_component,by_component_log1p,SR,gbm,800,200,0.6744395230192298,0.6402623283435115,0.4587774350507381,0.5038601206665294
log1p,by_component,by_component_log1p,S,linear_regression,800,200,0.5279228414366037,0.5554103018154279,0.39469320116173745,0.9275725077981888
log1p,by_component,by_component_log1p,S,svr,800,200,0.8061225364007111,0.8024989143472703,0.6001306605899501,0.4640884305505685
log1p,by_component,by_component_log1p,S,random_forest,800,200,0.7742470844239403,0.7701213306244802,0.5683702705805004,0.4959084811466025
log1p,by_component,by_component_log1p,S,gbm,800,200,0.7950711956669645,0.7924351552054695,0.5926931009041929,0.4752802940306273
log1p,by_component,by_component_log1p,U,linear_regression,800,200,0.4751848281526201,0.46776528939839945,0.3290580447424831,0.8657810428338372
log1p,by_component,by_component_log1p,U,svr,800,200,0.7729606362225959,0.7670935228110586,0.5715006885301274,0.4960287875975977
log1p,by_component,by_component_log1p,U,random_forest,800,200,0.7400916027038458,0.7309772062597307,0.5394097327756634,0.5288072464101141
log1p,by_component,by_component_log1p,U,gbm,800,200,0.767365337091435,0.7691621125364873,0.567376145627516,0.5040353260991202
log1p,by_component,by_component_log1p,O,linear_regression,800,200,0.5491604535787301,0.5735699023104345,0.4171968140235824,1.182784641452152
log1p,by_component,by_component_log1p,O,svr,800,200,0.8169119233003695,0.8269039656919193,0.6356255183888279,0.6304513273154666
log1p,by_component,by_component_log1p,O,random_forest,800,200,0.7850994375080717,0.7781026234372823,0.5879573757234843,0.6740961509990518
log1p,by_component,by_component_log1p,O,gbm,800,200,0.828618222652689,0.8203052165886041,0.6318040217194544,0.6063547760471781
log1p,s_only,s_only_log1p,TSV,linear_regression,800,200,0.6130187517120564,0.6134019769992809,0.4394760797204654,0.681295338633706
log1p,s_only,s_only_log1p,TSV,svr,800,200,0.8370353990252174,0.8130508093302278,0.6290086273210965,0.36626768166639684
log1p,s_only,s_only_log1p,TSV,random_forest,800,200,0.7908358444697844,0.7597021152038285,0.5755894220260142,0.4060940212703952
log1p,s_only,s_only_log1p,TSV,gbm,800,200,0.8233029284281577,0.7920197472547548,0.6069769776796218,0.3771025223328907
log1p,s_only,s_only_log1p,B,linear_regression,800,200,0.4321967867880608,0.4488662546500871,0.31285720974353015,1.2870346190766502
log1p,s_only,s_only_log1p,B,svr,800,200,0.6931307073328482,0.6773528177332705,0.4912583892686746,0.5857561822191797
log1p,s_only,s_only_log1p,B,random_forest,800,200,0.6506878056528832,0.6032801046645098,0.4348150782324707,0.6222860556485798
log1p,s_only,s_only_log1p,B,gbm,800,200,0.7174707296983284,0.6670167065661412,0.4942821380741855,0.5688753019237857
log1p,s_only,s_only_log1p,SR,linear_regression,800,200,0.32345322677826827,0.32240373632597336,0.21767546501969057,1.085175934547868
log1p,s_only,s_only_log1p,SR,svr,800,200,0.71025685873163,0.7152834602661592,0.5239292601467009,0.4797659040778457
log1p,s_only,s_only_log1p,SR,random_forest,800,200,0.6371418060751849,0.6235030462359228,0.44761716871485563,0.5351106013857616
log1p,s_only,s_only_log1p,SR,gbm,800,200,0.6744395230192298,0.6402623283435115,0.4587774350507381,0.5038601206665294
log1p,s_only,s_only_log1p,S,linear_regression,800,200,0.5278493818568673,0.5598639164960072,0.3980099507513319,0.9424937997192809
log1p,s_only,s_only_log1p,S,svr,800,200,0.8156050800717078,0.8129301829524397,0.6109854774286229,0.45367794833501024
log1p,s_only,s_only_log1p,S,random_forest,800,200,0.774213950215612,0.7702983351823477,0.5686717932704636,0.4959381682047546
log1p,s_only,s_only_log1p,S,gbm,800,200,0.7950711956669645,0.7924351552054695,0.5926931009041929,0.4752802940306273
log1p,s_only,s_only_log1p,U,linear_regression,800,200,0.4480636939500025,0.4423519370899525,0.3131634647763223,0.9127906663474451
log1p,s_only,s_only_log1p,U,svr,800,200,0.7788683485061998,0.7744235907539931,0.5797497743353501,0.49001251466533946
log1p,s_only,s_only_log1p,U,random_forest,800,200,0.740016199322479,0.7306329413271812,0.5392085355609018,0.5288455976428514
log1p,s_only,s_only_log1p,U,gbm,800,200,0.7840531400929694,0.7902380267078225,0.592626396080088,0.48977825731179264
log1p,s_only,s_only_log1p,O,linear_regression,800,200,0.5402896140651133,0.5725536139454661,0.41478323717976756,1.2086076548540465
log1p,s_only,s_only_log1p,O,svr,800,200,0.8148591503572931,0.8107453557030787,0.6177248234638676,0.6264343717933979
log1p,s_only,s_only_log1p,O,random_forest,800,200,0.7850970394203856,0.7779946193601196,0.5878568100216587,0.6740980103462599
log1p,s_only,s_only_log1p,O,gbm,800,200,0.828618222652689,0.8203052165886041,0.6318040217194544,0.6063547760471781
minmax,all_features,all_features_minmax,TSV,linear_regression,800,200,0.4671397933927416,0.4423385882425289,0.3080909909909409,1.0401373560088802
minmax,all_features,all_features_minmax,TSV,svr,800,200,0.8442006545437829,0.8220722649166681,0.6381633310533987,0.3656966961763263
minmax,all_features,all_features_minmax,TSV,random_forest,800,200,0.7908579327536637,0.7597021152038285,0.5755894220260142,0.40607526228131874
minmax,all_features,all_features_minmax,TSV,gbm,800,200,0.8233029284281577,0.7920197472547548,0.6069769776796218,0.3771025223328907
minmax,all_features,all_features_minmax,B,linear_regression,800,200,0.3187622103317943,0.3363811621197981,0.22194316232450173,2.1373343732350425
minmax,all_features,all_features_minmax,B,svr,800,200,0.6973868337052658,0.664409426274636,0.4808768517030871,0.5833213260339857
minmax,all_features,all_features_minmax,B,random_forest,800,200,0.6529429104157688,0.6047022575507853,0.4376372437842809,0.6229449446348294
minmax,all_features,all_features_minmax,B,gbm,800,200,0.7174707296983284,0.6670167065661412,0.4942821380741855,0.5688753019237857
minmax,all_features,all_features_minmax,SR,linear_regression,800,200,0.07710574235274929,0.12489996557675254,0.08495878426865522,1.8819531451839087
minmax,all_features,all_features_minmax,SR,svr,800,200,0.729382290589593,0.7273498433740976,0.5450432775389111,0.4719853810723043
minmax,all_features,all_features_minmax,SR,random_forest,800,200,0.6370533901263831,0.6236373004984985,0.44761716871485563,0.5351441790955936
minmax,all_features,all_features_minmax,SR,gbm,800,200,0.6744395230192298,0.6402623283435115,0.4587774350507381,0.5038601206665294
minmax,all_features,all_features_minmax,S,linear_regression,800,200,0.39010395442164364,0.3870834673993944,0.2714709285301382,1.4403065446346581
minmax,all_features,all_features_minmax,S,svr,800,200,0.8281059435351038,0.8350992538060205,0.6327956186692892,0.44233430302615206
minmax,all_features,all_features_minmax,S,random_forest,800,200,0.7741771304373386,0.7702983351823477,0.5685712857071425,0.49597475556789417
minmax,all_features,all_features_minmax,S,gbm,800,200,0.7950711956669645,0.7924351552054695,0.5926931009041929,0.4752802940306273
minmax,all_features,all_features_minmax,U,linear_regression,800,200,0.2636459917449613,0.29265144380578273,0.20230379944271895,1.6085220374657823
minmax,all_features,all_features_minmax,U,svr,800,200,0.8177726798062008,0.822203663222703,0.6285400989150213,0.44971250614115893
minmax,all_features,all_features_minmax,U,random_forest,800,200,0.7399121590604595,0.730527936772591,0.5390073383461402,0.5289224461752268
minmax,all_features,all_features_minmax,U,gbm,800,200,0.7840531400929694,0.7902380267078225,0.592626396080088,0.48977825731179264
minmax,all_features,all_features_minmax,O,linear_regression,800,200,0.4317164395408204,0.4364654766072198,0.30526718789166796,1.7371054581938883
minmax,all_features,all_features_minmax,O,svr,800,200,0.8301467905583345,0.8308446144517303,0.6421622890074932,0.6050340495790097
minmax,all_features,all_features_minmax,O,random_forest,800,200,0.7851254936164368,0.7779946193601196,0.5878568100216587,0.6740676566565491
minmax,all_features,all_features_minmax,O,gbm,800,200,0.828618222652689,0.8203052165886041,0.6318040217194544,0.6063547760471781
minmax,by_component,by_component_minmax,TSV,linear_regression,800,200,0.4671397933927416,0.4423385882425289,0.3080909909909409,1.0401373560088802
minmax,by_component,by_component_minmax,TSV,svr,800,200,0.8442006545437829,0.8220722649166681,0.6381633310533987,0.3656966961763263
minmax,by_component,by_component_minmax,TSV,random_forest,800,200,0.7908579327536637,0.7597021152038285,0.5755894220260142,0.40607526228131874
minmax,by_component,by_component_minmax,TSV,gbm,800,200,0.8233029284281577,0.7920197472547548,0.6069769776796218,0.3771025223328907
minmax,by_component,by_component_minmax,B,linear_regression,800,200,0.3187622103317943,0.3363811621197981,0.22194316232450173,2.1373343732350425
minmax,by_component,by_component_minmax,B,svr,800,200,0.6973868337052658,0.664409426274636,0.4808768517030871,0.5833213260339857
minmax,by_component,by_component_minmax,B,random_forest,800,200,0.6529429104157688,0.6047022575507853,0.4376372437842809,0.6229449446348294
minmax,by_component,by_component_minmax,B,gbm,800,200,0.7174707296983284,0.6670167065661412,0.4942821380741855,0.5688753019237857
minmax,by_component,by_component_minmax,SR,linear_regression,800,200,0.07710574235274929,0.12489996557675254,0.08495878426865522,1.8819531451839087
minmax,by_component,by_component_minmax,SR,svr,800,200,0.729382290589593,0.7273498433740976,0.5450432775389111,0.4719853810723043
minmax,by_component,by_component_minmax,SR,random_forest,800,200,0.6370533901263831,0.6236373004984985,0.44761716871485563,0.5351441790955936
minmax,by_component,by_component_minmax,SR,gbm,800,200,0.6744395230192298,0.6402623283435115,0.4587774350507381,0.5038601206665294
minmax,by_component,by_component_minmax,S,linear_regression,800,200,0.39010395442164364,0.3870834673993944,0.2714709285301382,1.4403065446346581
minmax,by_component,by_component_minmax,S,svr,800,200,0.8281059435351038,0.8350992538060205,0.6327956186692892,0.44233430302615206
minmax,by_component,by_component_minmax,S,random_forest,800,200,0.7741771304373386,0.7702983351823477,0.5685712857071425,0.49597475556789417
minmax,by_component,by_component_minmax,S,gbm,800,200,0.7950711956669645,0.7924351552054695,0.5926931009041929,0.4752802940306273
minmax,by_component,by_component_minmax,U,linear_regression,800,200,0.2636459917449613,0.29265144380578273,0.20230379944271895,1.6085220374657823
minmax,by_component,by_component_minmax,U,svr,800,200,0.8177726798062008,0.822203663222703,0.6285400989150213,0.44971250614115893
minmax,by_component,by_component_minmax,U,random_forest,800,200,0.7399121590604595,0.730527936772591,0.5390073383461402,0.5289224461752268
minmax,by_component,by_component_minmax,U,gbm,800,200,0.7840531400929694,0.7902380267078225,0.592626396080088,0.48977825731179264
minmax,by_component,by_component_minmax,O,linear_regression,800,200,0.4317164395408204,0.4364654766072198,0.30526718789166796,1.7371054581938883
minmax,by_component,by_component_minmax,O,svr,800,200,0.8301467905583345,0.8308446144517303,0.6421622890074932,0.6050340495790097
minmax,by_component,by_component_minmax,O,random_forest,800,200,0.7851254936164368,0.7779946193601196,0.5878568100216587,0.6740676566565491
minmax,by_component,by_component_minmax,O,gbm,800,200,0.828618222652689,0.8203052165886041,0.6318040217194544,0.6063547760471781
minmax,s_only,s_only_minmax,TSV,linear_regression,800,200,0.5626690771532601,0.5846342742209371,0.41613661526009044,0.7665116532474545
minmax,s_only,s_only_minmax,TSV,svr,800,200,0.8427563757426267,0.8199624083682264,0.6382639321933141,0.36146248001629977
minmax,s_only,s_only_minmax,TSV,random_forest,800,200,0.7908579327536637,0.7597021152038285,0.5755894220260142,0.40607526228131874
minmax,s_only,s_only_minmax,TSV,gbm,800,200,0.8233029284281577,0.7920197472547548,0.6069769776796218,0.3771025223328907
minmax,s_only,s_only_minmax,B,linear_regression,800,200,0.3985482155155863,0.4091644865748944,0.28382922121062526,1.4335695121358099
minmax,s_only,s_only_minmax,B,svr,800,200,0.6822913718912175,0.660745282366695,0.4801713103151345,0.5944100567221775
minmax,s_only,s_only_minmax,B,random_forest,800,200,0.6529184621838771,0.6047022575507853,0.4376372437842809,0.6229715255406248
minmax,s_only,s_only_minmax,B,gbm,800,200,0.7174707296983284,0.6670167065661412,0.4942821380741855,0.5688753019237857
minmax,s_only,s_only_minmax,SR,linear_regression,800,200,0.26933461098282885,0.28882967034861373,0.19877339230666433,1.2177127048960943
minmax,s_only,s_only_minmax,SR,svr,800,200,0.7155267769049246,0.7269613310388221,0.5301629224244011,0.4744952858794361
minmax,s_only,s_only_minmax,SR,random_forest,800,200,0.6370533901263831,0.6236373004984985,0.44761716871485563,0.5351441790955936
minmax,s_only,s_only_minmax,SR,gbm,800,200,0.6744395230192298,0.6402623283435115,0.4587774350507381,0.5038601206665294
minmax,s_only,s_only_minmax,S,linear_regression,800,200,0.5134182678515216,0.5196793817442261,0.3663500683052032,1.0063338995592819
minmax,s_only,s_only_minmax,S,svr,800,200,0.8275678507969072,0.8291088495531093,0.6349062774990312,0.4422022761670765
minmax,s_only,s_only_minmax,S,random_forest,800,200,0.7741771304373386,0.7702983351823477,0.5685712857071425,0.49597475556789417
minmax,s_only,s_only_minmax,S,gbm,800,200,0.7950711956669645,0.7924351552054695,0.5926931009041929,0.4752802940306273
minmax,s_only,s_only_minmax,U,linear_regression,800,200,0.3791668152584458,0.398931053701805,0.28388927002851955,1.1008791664565296
minmax,s_only,s_only_minmax,U,svr,800,200,0.8003474132339445,0.8021597938164837,0.6030886512476877,0.46824641620852936
minmax,s_only,s_only_minmax,U,random_forest,800,200,0.7399147675271822,0.730527936772591,0.5390073383461402,0.5289202666549009
minmax,s_only,s_only_minmax,U,gbm,800,200,0.7840531400929694,0.7902380267078225,0.592626396080088,0.48977825731179264
minmax,s_only,s_only_minmax,O,linear_regression,800,200,0.5001545466881587,0.5631340083545894,0.4037210099789494,1.333265434094967
minmax,s_only,s_only_minmax,O,svr,800,200,0.8258214361391993,0.827485987663296,0.6383407923381197,0.6088704589526005
minmax,s_only,s_only_minmax,O,random_forest,800,200,0.7851254936164368,0.7779946193601196,0.5878568100216587,0.6740676566565491
minmax,s_only,s_only_minmax,O,gbm,800,200,0.828618222652689,0.8203052165886041,0.6318040217194544,0.6063547760471781
power,all_features,all_features_power,TSV,linear_regression,800,200,0.44785698462885176,0.47487373127783067,0.33666171472691714,1.235435050550898
power,all_features,all_features_power,TSV,svr,800,200,0.8794890389365205,0.8572190398402294,0.674379741422946,0.3157930063090235
power,all_features,all_features_power,TSV,random_forest,800,200,0.7907922588318439,0.7595438572117484,0.5752876186062679,0.40613561135990556
power,all_features,all_features_power,TSV,gbm,800,200,0.8233029284281577,0.7920197472547548,0.6069769776796218,0.3771025223328907
power,all_features,all_features_power,B,linear_regression,800,200,0.2562438866175021,0.24926829719033033,0.16691093406420293,2.3038436518732306
power,all_features,all_features_power,B,svr,800,200,0.7405163473564675,0.7230994856557706,0.5302647488597655,0.5516950719941576
power,all_features,all_features_power,B,random_forest,800,200,0.6506754704804308,0.6033858660342171,0.43471428660562034,0.6222888709398162
power,all_features,all_features_power,B,gbm,800,200,0.7174707296983284,0.6670167065661412,0.4942821380741855,0.5688753019237857
power,all_features,all_features_power,SR,linear_regression,800,200,0.1862533753567638,0.20454124418916286,0.13804545656906936,1.8747366131150727
power,all_features,all_features_power,SR,svr,800,200,0.7601392157790097,0.7678353787907695,0.5767143036272264,0.442644409271333
power,all_features,all_features_power,SR,random_forest,800,200,0.6372511790165976,0.6240183125956413,0.44791879753474434,0.5350846938915084
power,all_features,all_features_power,SR,gbm,800,200,0.6744395230192298,0.6402623283435115,0.4587774350507381,0.5038601206665294
power,all_features,all_features_power,S,linear_regression,800,200,0.44060839784335326,0.46859481631665195,0.31971455892423906,1.4983438225751524
power,all_features,all_features_power,S,svr,800,200,0.8853831429285514,0.8791808889081367,0.6931001566619153,0.36666903695763664
power,all_features,all_features_power,S,random_forest,800,200,0.7743007742527519,0.7700313283069206,0.5681692554538584,0.49586276380612454
power,all_features,all_features_power,S,gbm,800,200,0.7950711956669645,0.7924351552054695,0.5926931009041929,0.4752802940306273
power,all_features,all_features_power,U,linear_regression,800,200,0.28161439056397247,0.2978311684772149,0.20914450474461097,1.4272304620479885
power,all_features,all_features_power,U,svr,800,200,0.8508001486672765,0.8519582038309255,0.6562047159447317,0.42169891703447443
power,all_features,all_features_power,U,random_forest,800,200,0.7402020495796914,0.7311714646857229,0.539510331383044,0.528683288079922
power,all_features,all_features_power,U,gbm,800,200,0.7840531400929694,0.7902380267078225,0.592626396080088,0.48977825731179264
power,all_features,all_features_power,O,linear_regression,800,200,0.38563982045081824,0.40187867095249497,0.27972349962796056,1.8195184078060844
power,all_features,all_features_power,O,svr,800,200,0.8739694428655377,0.8675277492430504,0.6817851755267873,0.5284668748479017
power,all_features,all_features_power,O,random_forest,800,200,0.7851170188806942,0.7779053659907978,0.587756244319833,0.6740711216185473
power,all_features,all_features_power,O,gbm,800,200,0.8285121606511672,0.8201372102463512,0.6314017589121519,0.606523688939951
power,by_component,by_component_power,TSV,linear_regression,800,200,0.44785698462885176,0.47487373127783067,0.33666171472691714,1.235435050550898
power,by_component,by_component_power,TSV,svr,800,200,0.8794890389365205,0.8572190398402294,0.674379741422946,0.3157930063090235
power,by_component,by_component_power,TSV,random_forest,800,200,0.7907922588318439,0.7595438572117484,0.5752876186062679,0.40613561135990556
power,by_component,by_component_power,TSV,gbm,800,200,0.8233029284281577,0.7920197472547548,0.6069769776796218,0.3771025223328907
power,by_component,by_component_power,B,linear_regression,800,200,0.2562438866175021,0.24926829719033033,0.16691093406420293,2.3038436518732306
power,by_component,by_component_power,B,svr,800,200,0.7405163473564675,0.7230994856557706,0.5302647488597655,0.5516950719941576
power,by_component,by_component_power,B,random_forest,800,200,0.6506754704804308,0.6033858660342171,0.43471428660562034,0.6222888709398162
power,by_component,by_component_power,B,gbm,800,200,0.7174707296983284,0.6670167065661412,0.4942821380741855,0.5688753019237857
power,by_component,by_component_power,SR,linear_regression,800,200,0.1862533753567638,0.20454124418916286,0.13804545656906936,1.8747366131150727
power,by_component,by_component_power,SR,svr,800,200,0.7601392157790097,0.7678353787907695,0.5767143036272264,0.442644409271333
power,by_component,by_component_power,SR,random_forest,800,200,0.6372511790165976,0.6240183125956413,0.44791879753474434,0.5350846938915084
power,by_component,by_component_power,SR,gbm,800,200,0.6744395230192298,0.6402623283435115,0.4587774350507381,0.5038601206665294
power,by_component,by_component_power,S,linear_regression,800,200,0.44060839784335326,0.46859481631665195,0.31971455892423906,1.4983438225751524
power,by_component,by_component_power,S,svr,800,200,0.8853831429285514,0.8791808889081367,0.6931001566619153,0.36666903695763664
power,by_component,by_component_power,S,random_forest,800,200,0.7743007742527519,0.7700313283069206,0.5681692554538584,0.49586276380612454
power,by_component,by_component_power,S,gbm,800,200,0.7950711956669645,0.7924351552054695,0.5926931009041929,0.4752802940306273
power,by_component,by_component_power,U,linear_regression,800,200,0.28161439056397247,0.2978311684772149,0.20914450474461097,1.4272304620479885
power,by_component,by_component_power,U,svr,800,200,0.8508001486672765,0.8519582038309255,0.6562047159447317,0.42169891703447443
power,by_component,by_component_power,U,random_forest,800,200,0.7402020495796914,0.7311714646857229,0.539510331383044,0.528683288079922
power,by_component,by_component_power,U,gbm,800,200,0.7840531400929694,0.7902380267078225,0.592626396080088,0.48977825731179264
power,by_component,by_component_power,O,linear_regression,800,200,0.38563982045081824,0.40187867095249497,0.27972349962796056,1.8195184078060844
power,by_component,by_component_power,O,svr,800,200,0.8739694428655377,0.8675277492430504,0.6817851755267873,0.5284668748479017
power,by_component,by_component_power,O,random_forest,800,200,0.7851170188806942,0.7779053659907978,0.587756244319833,0.6740711216185473
power,by_component,by_component_power,O,gbm,800,200,0.8285121606511672,0.8201372102463512,0.6314017589121519,0.606523688939951
power,s_only,s_only_power,TSV,linear_regression,800,200,0.6337466380800758,0.6467411606388946,0.4670407920572875,0.6568545581001043
power,s_only,s_only_power,TSV,svr,800,200,0.8271601378766589,0.7818289826178272,0.5998342967456278,0.37920268078883523
power,s_only,s_only_power,TSV,random_forest,800,200,0.7908347073049812,0.7597021152038285,0.5755894220260142,0.406094678590659
power,s_only,s_only_power,TSV,gbm,800,200,0.8233029284281577,0.7920197472547548,0.6069769776796218,0.3771025223328907
power,s_only,s_only_power,B,linear_regression,800,200,0.4492550727836617,0.42666836830175436,0.29914954849188063,1.2275549991631363
power,s_only,s_only_power,B,svr,800,200,0.701038375199298,0.664117644907146,0.48793226558261255,0.5827364001353601
power,s_only,s_only_power,B,random_forest,800,200,0.6507051059457802,0.6031743432948027,0.43461349497876994,0.6222736501956923
power,s_only,s_only_power,B,gbm,800,200,0.7174707296983284,0.6670167065661412,0.4942821380741855,0.5688753019237857
power,s_only,s_only_power,SR,linear_regression,800,200,0.3040311107343564,0.30106780890979185,0.20581139810406773,1.1310449258436666
power,s_only,s_only_power,SR,svr,800,200,0.6602248662931077,0.6460217612056359,0.47365779016524817,0.5101506691525195
power,s_only,s_only_power,SR,random_forest,800,200,0.6371093233498547,0.6235982992602084,0.44771771165481855,0.5351488283318838
power,s_only,s_only_power,SR,gbm,800,200,0.6744395230192298,0.6402623283435115,0.4587774350507381,0.5038601206665294
power,s_only,s_only_power,S,linear_regression,800,200,0.4940619217071902,0.5411284340573292,0.38785868685590646,1.0080914596754038
power,s_only,s_only_power,S,svr,800,200,0.841490837710207,0.8374288137921908,0.648474798547372,0.4262175524070067
power,s_only,s_only_power,S,random_forest,800,200,0.7742033870140008,0.7702983351823477,0.5686717932704636,0.4959474226099816
power,s_only,s_only_power,S,gbm,800,200,0.7950711956669645,0.7924351552054695,0.5926931009041929,0.4752802940306273
power,s_only,s_only_power,U,linear_regression,800,200,0.41733041881457206,0.4372997179490944,0.30763054137038015,0.9466153412971441
power,s_only,s_only_power,U,svr,800,200,0.8174083833406469,0.8209548590556115,0.62179999222051,0.4499577136674859
power,s_only,s_only_power,U,random_forest,800,200,0.7400707132022186,0.7306404416525091,0.539107936953521,0.528803503588438
power,s_only,s_only_power,U,gbm,800,200,0.7840531400929694,0.7902380267078225,0.592626396080088,0.48977825731179264
power,s_only,s_only_power,O,linear_regression,800,200,0.516917483893296,0.5592841130207277,0.40140799883696016,1.272061183489919
power,s_only,s_only_power,O,svr,800,200,0.8315905834763813,0.829040046329137,0.6407543691819345,0.6007620203123013
power,s_only,s_only_power,O,random_forest,800,200,0.7851524066185505,0.7779946193601196,0.5878568100216587,0.674035589748015
power,s_only,s_only_power,O,gbm,800,200,0.828618222652689,0.8203052165886041,0.6318040217194544,0.6063547760471781
quantile,all_features,all_features_quantile,TSV,linear_regression,800,200,0.5419990274419539,0.5381791782234847,0.3734817319359569,1.1231558372742572
quantile,all_features,all_features_quantile,TSV,svr,800,200,0.8693645774479808,0.8519230223896262,0.6669352570692058,0.3277303471905609
quantile,all_features,all_features_quantile,TSV,random_forest,800,200,0.7905274474674724,0.7591515874019955,0.5744828094869446,0.4063872988872656
quantile,all_features,all_features_quantile,TSV,gbm,800,200,0.8265031961339943,0.7944236186510419,0.60898900047793,0.3731339796677692
quantile,all_features,all_features_quantile,B,linear_regression,800,200,0.34365592643533216,0.3188750301510295,0.2154924982060784,2.2507263934855817
quantile,all_features,all_features_quantile,B,svr,800,200,0.7377268957528931,0.7205874656050655,0.5261322921589006,0.5557580171664877
quantile,all_features,all_features_quantile,B,random_forest,800,200,0.6505522952347164,0.6028960633787644,0.43300082894916414,0.6223091704713474
quantile,all_features,all_features_quantile,B,gbm,800,200,0.7177205472714527,0.6669289471317034,0.4950884710889884,0.5684433909464289
quantile,all_features,all_features_quantile,SR,linear_regression,800,200,0.21140500778275678,0.2524677658573177,0.1691132250176072,1.9316253705738209
quantile,all_features,all_features_quantile,SR,svr,800,200,0.7379017932647158,0.7448561491997064,0.5580133167941259,0.4596206066429175
quantile,all_features,all_features_quantile,SR,random_forest,800,200,0.6367486031702406,0.6253968563644374,0.4487231410544476,0.5354112714085786
quantile,all_features,all_features_quantile,SR,gbm,800,200,0.6730259368948325,0.640577338345086,0.4601850362102188,0.504858268993557
quantile,all_features,all_features_quantile,S,linear_regression,800,200,0.4904631422345378,0.5301631517013055,0.3745916884975288,1.4225770196743133
quantile,all_features,all_features_quantile,S,svr,800,200,0.8758945508581364,0.8705421664610312,0.6811397566267112,0.38019746582523145
quantile,all_features,all_features_quantile,S,random_forest,800,200,0.7732259659252795,0.7684232868998537,0.5667621495673637,0.49687914083206436
quantile,all_features,all_features_quantile,S,gbm,800,200,0.7956165141003713,0.7921658982721034,0.5920900555242667,0.47472445852830053
quantile,all_features,all_features_quantile,U,linear_regression,800,200,0.3683189607070193,0.3874540558850871,0.2668881053811702,1.498806809691136
quantile,all_features,all_features_quantile,U,svr,800,200,0.8470242406902253,0.854956083864478,0.6597256672030586,0.42206420043658477
quantile,all_features,all_features_quantile,U,random_forest,800,200,0.7397139193164123,0.7314197254540755,0.5389067397387595,0.5291639273170964
quantile,all_features,all_features_quantile,U,gbm,800,200,0.7850795561480828,0.7921521097314969,0.594336572405561,0.4888890021188896
quantile,all_features,all_features_quantile,O,linear_regression,800,200,0.5149316655753178,0.5319470810455484,0.37153998539475114,1.7869762772987432
quantile,all_features,all_features_quantile,O,svr,800,200,0.8646869332826222,0.8613752669863451,0.6712257768350972,0.5467483174038911
quantile,all_features,all_features_quantile,O,random_forest,800,200,0.785024864545398,0.7776646069021226,0.5880579414253099,0.6742701578965484
quantile,all_features,all_features_quantile,O,gbm,800,200,0.8289272029031569,0.8199602035643344,0.6317034560176288,0.6057886684423722
quantile,by_component,by_component_quantile,TSV,linear_regression,800,200,0.5419990274419539,0.5381791782234847,0.3734817319359569,1.1231558372742572
quantile,by_component,by_component_quantile,TSV,svr,800,200,0.8693645774479808,0.8519230223896262,0.6669352570692058,0.3277303471905609
quantile,by_component,by_component_quantile,TSV,random_forest,800,200,0.7905274474674724,0.7591515874019955,0.5744828094869446,0.4063872988872656
quantile,by_component,by_component_quantile,TSV,gbm,800,200,0.8265031961339943,0.7944236186510419,0.60898900047793,0.3731339796677692
quantile,by_component,by_component_quantile,B,linear_regression,800,200,0.34365592643533216,0.3188750301510295,0.2154924982060784,2.2507263934855817
quantile,by_component,by_component_quantile,B,svr,800,200,0.7377268957528931,0.7205874656050655,0.5261322921589006,0.5557580171664877
quantile,by_component,by_component_quantile,B,random_forest,800,200,0.6505522952347164,0.6028960633787644,0.43300082894916414,0.6223091704713474
quantile,by_component,by_component_quantile,B,gbm,800,200,0.7177205472714527,0.6669289471317034,0.4950884710889884,0.5684433909464289
quantile,by_component,by_component_quantile,SR,linear_regression,800,200,0.21140500778275678,0.2524677658573177,0.1691132250176072,1.9316253705738209
quantile,by_component,by_component_quantile,SR,svr,800,200,0.7379017932647158,0.7448561491997064,0.5580133167941259,0.4596206066429175
quantile,by_component,by_component_quantile,SR,random_forest,800,200,0.6367486031702406,0.6253968563644374,0.4487231410544476,0.5354112714085786
quantile,by_component,by_component_quantile,SR,gbm,800,200,0.6730259368948325,0.640577338345086,0.4601850362102188,0.504858268993557
quantile,by_component,by_component_quantile,S,linear_regression,800,200,0.4904631422345378,0.5301631517013055,0.3745916884975288,1.4225770196743133
quantile,by_component,by_component_quantile,S,svr,800,200,0.8758945508581364,0.8705421664610312,0.6811397566267112,0.38019746582523145
quantile,by_component,by_component_quantile,S,random_forest,800,200,0.7732259659252795,0.7684232868998537,0.5667621495673637,0.49687914083206436
quantile,by_component,by_component_quantile,S,gbm,800,200,0.7956165141003713,0.7921658982721034,0.5920900555242667,0.47472445852830053
quantile,by_component,by_component_quantile,U,linear_regression,800,200,0.3683189607070193,0.3874540558850871,0.2668881053811702,1.498806809691136
quantile,by_component,by_component_quantile,U,svr,800,200,0.8470242406902253,0.854956083864478,0.6597256672030586,0.42206420043658477
quantile,by_component,by_component_quantile,U,random_forest,800,200,0.7397139193164123,0.7314197254540755,0.5389067397387595,0.5291639273170964
quantile,by_component,by_component_quantile,U,gbm,800,200,0.7850795561480828,0.7921521097314969,0.594336572405561,0.4888890021188896
quantile,by_component,by_component_quantile,O,linear_regression,800,200,0.5149316655753178,0.5319470810455484,0.37153998539475114,1.7869762772987432
quantile,by_component,by_component_quantile,O,svr,800,200,0.8646869332826222,0.8613752669863451,0.6712257768350972,0.5467483174038911
quantile,by_component,by_component_quantile,O,random_forest,800,200,0.785024864545398,0.7776646069021226,0.5880579414253099,0.6742701578965484
quantile,by_component,by_component_quantile,O,gbm,800,200,0.8289272029031569,0.8199602035643344,0.6317034560176288,0.6057886684423722
quantile,s_only,s_only_quantile,TSV,linear_regression,800,200,0.53543888690491,0.6119071515101078,0.4306231794079094,0.956603973593692
quantile,s_only,s_only_quantile,TSV,svr,800,200,0.8162013899785632,0.7778125297856532,0.5943012340502803,0.39042053048190667
quantile,s_only,s_only_quantile,TSV,random_forest,800,200,0.7908998947477849,0.7591575877050126,0.5743822083470291,0.4060404569755091
quantile,s_only,s_only_quantile,TSV,gbm,800,200,0.8232756794096636,0.7977635373180205,0.6110010232762382,0.3774134321693748
quantile,s_only,s_only_quantile,B,linear_regression,800,200,0.316159267354128,0.47343964637333263,0.32454903845817235,2.146737875360281
quantile,s_only,s_only_quantile,B,svr,800,200,0.6851410257601326,0.651697809732594,0.4753333122263171,0.5968656274691292
quantile,s_only,s_only_quantile,B,random_forest,800,200,0.6494518118000574,0.6014739104924889,0.43300082894916414,0.6229635742685039
quantile,s_only,s_only_quantile,B,gbm,800,200,0.7167630913480414,0.6664368942343422,0.49347580505938266,0.5693205286014426
quantile,s_only,s_only_quantile,SR,linear_regression,800,200,0.26936517056537,0.361175467329316,0.24582748820930417,1.59417764388919
quantile,s_only,s_only_quantile,SR,svr,800,200,0.6383437801910216,0.6462985199927338,0.47506539132472886,0.5238211926525034
quantile,s_only,s_only_quantile,SR,random_forest,800,200,0.6373733325102071,0.6247450856707031,0.4484215122345589,0.5350535520134094
quantile,s_only,s_only_quantile,SR,gbm,800,200,0.6747818785247789,0.6403808321060085,0.45897852093066394,0.5036747408154376
quantile,s_only,s_only_quantile,S,linear_regression,800,200,0.48835312742044873,0.5310519245872075,0.3772048851438759,1.1140685942467616
quantile,s_only,s_only_quantile,S,svr,800,200,0.7845778580593717,0.771982128540027,0.581235238685594,0.49041058798898257
quantile,s_only,s_only_quantile,S,random_forest,800,200,0.7740431062017253,0.7703043353368516,0.5679682403272163,0.49610593901200634
quantile,s_only,s_only_quantile,S,gbm,800,200,0.7950711956669645,0.7924351552054695,0.5926931009041929,0.4752802940306273
quantile,s_only,s_only_quantile,U,linear_regression,800,200,0.258955636791579,0.45383943536212956,0.31406885224274916,1.5147689985672994
quantile,s_only,s_only_quantile,U,svr,800,200,0.7471917992515847,0.7524746387144929,0.557517482104201,0.5180264987422136
quantile,s_only,s_only_quantile,U,random_forest,800,200,0.7398892902006757,0.7314917285772232,0.5396109299904248,0.5290548947418529
quantile,s_only,s_only_quantile,U,gbm,800,200,0.7838922083798504,0.7901772740726667,0.5928275932948497,0.4899595498457183
quantile,s_only,s_only_quantile,O,linear_regression,800,200,0.4821358448015415,0.5632030109594434,0.39155256005804945,1.496624716826475
quantile,s_only,s_only_quantile,O,svr,800,200,0.7886714012778976,0.7834675759646764,0.5977122488005694,0.6643160101773237
quantile,s_only,s_only_quantile,O,random_forest,800,200,0.7853260621034341,0.7780876228710097,0.587756244319833,0.6739329224246832
quantile,s_only,s_only_quantile,O,gbm,800,200,0.8288212044558079,0.8203802194199673,0.6320051531231056,0.6060806297209028
robust,all_features,all_features_robust,TSV,linear_regression,800,200,0.4605221067302599,0.44099452036666414,0.3064813727522943,1.048231704977799
robust,all_features,all_features_robust,TSV,svr,800,200,0.8694704858316621,0.8433920915748462,0.6572775476373264,0.3278612424160181
robust,all_features,all_features_robust,TSV,random_forest,800,200,0.7908579327536637,0.7597021152038285,0.5755894220260142,0.40607526228131874
robust,all_features,all_features_robust,TSV,gbm,800,200,0.8233029284281577,0.7920197472547548,0.6069769776796218,0.3771025223328907
robust,all_features,all_features_robust,B,linear_regression,800,200,0.3112154802273268,0.3357278418856493,0.22355582835410753,2.2445426831713764
robust,all_features,all_features_robust,B,svr,800,200,0.7398435709921545,0.71442705333978,0.5218990438311852,0.5502250395214159
robust,all_features,all_features_robust,B,random_forest,800,200,0.6529429104157688,0.6047022575507853,0.4376372437842809,0.6229449446348294
robust,all_features,all_features_robust,B,gbm,800,200,0.7174707296983284,0.6670167065661412,0.4942821380741855,0.5688753019237857
robust,all_features,all_features_robust,SR,linear_regression,800,200,0.06722494336925149,0.10081520088492486,0.06937462857440485,1.8915865356143962
robust,all_features,all_features_robust,SR,svr,800,200,0.7386561969682721,0.7464732005411234,0.5548964856552758,0.4584222178586168
robust,all_features,all_features_robust,SR,random_forest,800,200,0.6370169964816546,0.6235982992602084,0.44771771165481855,0.5351770445725407
robust,all_features,all_features_robust,SR,gbm,800,200,0.6744395230192298,0.6402623283435115,0.4587774350507381,0.5038601206665294
robust,all_features,all_features_robust,S,linear_regression,800,200,0.3863105886168638,0.3822938440665923,0.266345042800765,1.4617287887081662
robust,all_features,all_features_robust,S,svr,800,200,0.8775367441382511,0.869105129457328,0.6784260524170429,0.3805016839650153
robust,all_features,all_features_robust,S,random_forest,800,200,0.7741771304373386,0.7702983351823477,0.5685712857071425,0.49597475556789417
robust,all_features,all_features_robust,S,gbm,800,200,0.7950711956669645,0.7924351552054695,0.5926931009041929,0.4752802940306273
robust,all_features,all_features_robust,U,linear_regression,800,200,0.2684085844483835,0.28799749193983487,0.1994870384360575,1.60695496682923
robust,all_features,all_features_robust,U,svr,800,200,0.8527895348310164,0.8514811831400724,0.656104117337351,0.41627897026819083
robust,all_features,all_features_robust,U,random_forest,800,200,0.7399121590604595,0.730527936772591,0.5390073383461402,0.5289224461752268
robust,all_features,all_features_robust,U,gbm,800,200,0.7840531400929694,0.7902380267078225,0.592626396080088,0.48977825731179264
robust,all_features,all_features_robust,O,linear_regression,800,200,0.4393098822795987,0.43760776972887794,0.30577001640079604,1.738721926413682
robust,all_features,all_features_robust,O,svr,800,200,0.8719540747018213,0.8662594513647024,0.6778631131555881,0.5331417538155535
robust,all_features,all_features_robust,O,random_forest,800,200,0.7851211151657973,0.7777958618570079,0.5876556786180074,0.6740602639989333
robust,all_features,all_features_robust,O,gbm,800,200,0.828618222652689,0.8203052165886041,0.6318040217194544,0.6063547760471781
robust,by_component,by_component_robust,TSV,linear_regression,800,200,0.4605221067302599,0.44099452036666414,0.3064813727522943,1.048231704977799
robust,by_component,by_component_robust,TSV,svr,800,200,0.8694704858316621,0.8433920915748462,0.6572775476373264,0.3278612424160181
robust,by_component,by_component_robust,TSV,random_forest,800,200,0.7908579327536637,0.7597021152038285,0.5755894220260142,0.40607526228131874
robust,by_component,by_component_robust,TSV,gbm,800,200,0.8233029284281577,0.7920197472547548,0.6069769776796218,0.3771025223328907
robust,by_component,by_component_robust,B,linear_regression,800,200,0.3112154802273268,0.3357278418856493,0.22355582835410753,2.2445426831713764
robust,by_component,by_component_robust,B,svr,800,200,0.7398435709921545,0.71442705333978,0.5218990438311852,0.5502250395214159
robust,by_component,by_component_robust,B,random_forest,800,200,0.6529429104157688,0.6047022575507853,0.4376372437842809,0.6229449446348294
robust,by_component,by_component_robust,B,gbm,800,200,0.7174707296983284,0.6670167065661412,0.4942821380741855,0.5688753019237857
robust,by_component,by_component_robust,SR,linear_regression,800,200,0.06722494336925149,0.10081520088492486,0.06937462857440485,1.8915865356143962
robust,by_component,by_component_robust,SR,svr,800,200,0.7386561969682721,0.7464732005411234,0.5548964856552758,0.4584222178586168
robust,by_component,by_component_robust,SR,random_forest,800,200,0.6370169964816546,0.6235982992602084,0.44771771165481855,0.5351770445725407
robust,by_component,by_component_robust,SR,gbm,800,200,0.6744395230192298,0.6402623283435115,0.4587774350507381,0.5038601206665294
robust,by_component,by_component_robust,S,linear_regression,800,200,0.3863105886168638,0.3822938440665923,0.266345042800765,1.4617287887081662
robust,by_component,by_component_robust,S,svr,800,200,0.8775367441382511,0.869105129457328,0.6784260524170429,0.3805016839650153
robust,by_component,by_component_robust,S,random_forest,800,200,0.7741771304373386,0.7702983351823477,0.5685712857071425,0.49597475556789417
robust,by_component,by_component_robust,S,gbm,800,200,0.7950711956669645,0.7924351552054695,0.5926931009041929,0.4752802940306273
robust,by_component,by_component_robust,U,linear_regression,800,200,0.2684085844483835,0.28799749193983487,0.1994870384360575,1.60695496682923
robust,by_component,by_component_robust,U,svr,800,200,0.8527895348310164,0.8514811831400724,0.656104117337351,0.41627897026819083
robust,by_component,by_component_robust,U,random_forest,800,200,0.7399121590604595,0.730527936772591,0.5390073383461402,0.5289224461752268
robust,by_component,by_component_robust,U,gbm,800,200,0.7840531400929694,0.7902380267078225,0.592626396080088,0.48977825731179264
robust,by_component,by_component_robust,O,linear_regression,800,200,0.4393098822795987,0.43760776972887794,0.30577001640079604,1.738721926413682
robust,by_component,by_component_robust,O,svr,800,200,0.8719540747018213,0.8662594513647024,0.6778631131555881,0.5331417538155535
robust,by_component,by_component_robust,O,random_forest,800,200,0.7851211151657973,0.7777958618570079,0.5876556786180074,0.6740602639989333
robust,by_component,by_component_robust,O,gbm,800,200,0.828618222652689,0.8203052165886041,0.6318040217194544,0.6063547760471781
robust,s_only,s_only_robust,TSV,linear_regression,800,200,0.5901498590689196,0.6287552523446777,0.4483289800330214,0.7272580020344906
robust,s_only,s_only_robust,TSV,svr,800,200,0.8394754061636999,0.8124035266422415,0.6254875874240571,0.3667949854723687
robust,s_only,s_only_robust,TSV,random_forest,800,200,0.7908579327536637,0.7597021152038285,0.5755894220260142,0.40607526228131874
robust,s_only,s_only_robust,TSV,gbm,800,200,0.8233029284281577,0.7920197472547548,0.6069769776796218,0.3771025223328907
robust,s_only,s_only_robust,B,linear_regression,800,200,0.45152377860340154,0.4272804341009109,0.2939083838956617,1.2674930556260302
robust,s_only,s_only_robust,B,svr,800,200,0.698450934847979,0.6637186020086762,0.48662197443355776,0.5859596065110246
robust,s_only,s_only_robust,B,random_forest,800,200,0.6529184621838771,0.6047022575507853,0.4376372437842809,0.6229715255406248
robust,s_only,s_only_robust,B,gbm,800,200,0.7174707296983284,0.6670167065661412,0.4942821380741855,0.5688753019237857
robust,s_only,s_only_robust,SR,linear_regression,800,200,0.32532281403214325,0.3483853112415689,0.23647699479275391,1.16807457093042
robust,s_only,s_only_robust,SR,svr,800,200,0.698601652472758,0.696340108814319,0.5102554203117459,0.49253153403451166
robust,s_only,s_only_robust,SR,random_forest,800,200,0.6370169964816546,0.6235982992602084,0.44771771165481855,0.5351770445725407
robust,s_only,s_only_robust,SR,gbm,800,200,0.6744395230192298,0.6402623283435115,0.4587774350507381,0.5038601206665294
robust,s_only,s_only_robust,S,linear_regression,800,200,0.5102406370575734,0.5389458778565065,0.382129755746607,1.0178863061881556
robust,s_only,s_only_robust,S,svr,800,200,0.8175083437539613,0.821310148736561,0.6266646573067056,0.45724442749955524
robust,s_only,s_only_robust,S,random_forest,800,200,0.7741771304373386,0.7702983351823477,0.5685712857071425,0.49597475556789417
robust,s_only,s_only_robust,S,gbm,800,200,0.7950711956669645,0.7924351552054695,0.5926931009041929,0.4752802940306273
robust,s_only,s_only_robust,U,linear_regression,800,200,0.42615265260171387,0.44360899161490486,0.31386765502798764,0.9977983235651223
robust,s_only,s_only_robust,U,svr,800,200,0.8160296339223797,0.8164839151276638,0.6179772451400409,0.45204521727436786
robust,s_only,s_only_robust,U,random_forest,800,200,0.7399147675271822,0.730527936772591,0.5390073383461402,0.5289202666549009
robust,s_only,s_only_robust,U,gbm,800,200,0.7840531400929694,0.7902380267078225,0.592626396080088,0.48977825731179264
robust,s_only,s_only_robust,O,linear_regression,800,200,0.5144635971761276,0.5690097301635653,0.40784420375379976,1.3242217261296905
robust,s_only,s_only_robust,O,svr,800,200,0.8369703703314503,0.8362358179701013,0.6515148992772757,0.5922156829023187
robust,s_only,s_only_robust,O,random_forest,800,200,0.7851254936164368,0.7779946193601196,0.5878568100216587,0.6740676566565491
robust,s_only,s_only_robust,O,gbm,800,200,0.828618222652689,0.8203052165886041,0.6318040217194544,0.6063547760471781
standard,all_features,all_features_standard,TSV,linear_regression,800,200,0.4574433930082913,0.43524097981099535,0.3003447032174544,1.0805239295564752
standard,all_features,all_features_standard,TSV,svr,800,200,0.876420746410573,0.8534658503029374,0.6695508867070064,0.31948611198898585
standard,all_features,all_features_standard,TSV,random_forest,800,200,0.7908579327536637,0.7597021152038285,0.5755894220260142,0.40607526228131874
standard,all_features,all_features_standard,TSV,gbm,800,200,0.8233029284281577,0.7920197472547548,0.6069769776796218,0.3771025223328907
standard,all_features,all_features_standard,B,linear_regression,800,200,0.30961692251537354,0.3273794444045064,0.21680278935513317,2.2436662742295237
standard,all_features,all_features_standard,B,svr,800,200,0.7354755774377439,0.7144375544686872,0.5237132931144918,0.5549642792905715
standard,all_features,all_features_standard,B,random_forest,800,200,0.6529429104157688,0.6047022575507853,0.4376372437842809,0.6229449446348294
standard,all_features,all_features_standard,B,gbm,800,200,0.7174707296983284,0.6670167065661412,0.4942821380741855,0.5688753019237857
standard,all_features,all_features_standard,SR,linear_regression,800,200,0.06256961494189622,0.09984842018961577,0.06867082799466451,1.9690378365364825
standard,all_features,all_features_standard,SR,svr,800,200,0.7463386792649565,0.7497380542003015,0.5629399208523084,0.45289232622738906
standard,all_features,all_features_standard,SR,random_forest,800,200,0.6370169964816546,0.6235982992602084,0.44771771165481855,0.5351770445725407
standard,all_features,all_features_standard,SR,gbm,800,200,0.6744395230192298,0.6402623283435115,0.4587774350507381,0.5038601206665294
standard,all_features,all_features_standard,S,linear_regression,800,200,0.3779706143398764,0.3699380259042711,0.2566963167219448,1.5228144315500758
standard,all_features,all_features_standard,S,svr,800,200,0.877635058987738,0.8708886753836361,0.6824463549498847,0.3779522097798272
standard,all_features,all_features_standard,S,random_forest,800,200,0.7741771304373386,0.7702983351823477,0.5685712857071425,0.49597475556789417
standard,all_features,all_features_standard,S,gbm,800,200,0.7950711956669645,0.7924351552054695,0.5926931009041929,0.4752802940306273
standard,all_features,all_features_standard,U,linear_regression,800,200,0.2618932555949491,0.28640367280766094,0.19737446768106143,1.6557708014608283
standard,all_features,all_features_standard,U,svr,800,200,0.8510018914682889,0.8504168869760466,0.6551987298709242,0.42297760637369264
standard,all_features,all_features_standard,U,random_forest,800,200,0.7399121590604595,0.730527936772591,0.5390073383461402,0.5289224461752268
standard,all_features,all_features_standard,U,gbm,800,200,0.7840531400929694,0.7902380267078225,0.592626396080088,0.48977825731179264
standard,all_features,all_features_standard,O,linear_regression,800,200,0.43226369112359786,0.43023349134926975,0.3009428627131663,1.792384096112029
standard,all_features,all_features_standard,O,svr,800,200,0.8704776913842337,0.8674797474309781,0.6806789528067053,0.5350054824728053
standard,all_features,all_features_standard,O,random_forest,800,200,0.7851211151657973,0.7777958618570079,0.5876556786180074,0.6740602639989333
standard,all_features,all_features_standard,O,gbm,800,200,0.828618222652689,0.8203052165886041,0.6318040217194544,0.6063547760471781
standard,by_component,by_component_standard,TSV,linear_regression,800,200,0.4574433930082913,0.43524097981099535,0.3003447032174544,1.0805239295564752
standard,by_component,by_component_standard,TSV,svr,800,200,0.876420746410573,0.8534658503029374,0.6695508867070064,0.31948611198898585
standard,by_component,by_component_standard,TSV,random_forest,800,200,0.7908579327536637,0.7597021152038285,0.5755894220260142,0.40607526228131874
standard,by_component,by_component_standard,TSV,gbm,800,200,0.8233029284281577,0.7920197472547548,0.6069769776796218,0.3771025223328907
standard,by_component,by_component_standard,B,linear_regression,800,200,0.30961692251537354,0.3273794444045064,0.21680278935513317,2.2436662742295237
standard,by_component,by_component_standard,B,svr,800,200,0.7354755774377439,0.7144375544686872,0.5237132931144918,0.5549642792905715
standard,by_component,by_component_standard,B,random_forest,800,200,0.6529429104157688,0.6047022575507853,0.4376372437842809,0.6229449446348294
standard,by_component,by_component_standard,B,gbm,800,200,0.7174707296983284,0.6670167065661412,0.4942821380741855,0.5688753019237857
standard,by_component,by_component_standard,SR,linear_regression,800,200,0.06256961494189622,0.09984842018961577,0.06867082799466451,1.9690378365364825
standard,by_component,by_component_standard,SR,svr,800,200,0.7463386792649565,0.7497380542003015,0.5629399208523084,0.45289232622738906
standard,by_component,by_component_standard,SR,random_forest,800,200,0.6370169964816546,0.6235982992602084,0.44771771165481855,0.5351770445725407
standard,by_component,by_component_standard,SR,gbm,800,200,0.6744395230192298,0.6402623283435115,0.4587774350507381,0.5038601206665294
standard,by_component,by_component_standard,S,linear_regression,800,200,0.3779706143398764,0.3699380259042711,0.2566963167219448,1.5228144315500758
standard,by_component,by_component_standard,S,svr,800,200,0.877635058987738,0.8708886753836361,0.6824463549498847,0.3779522097798272
standard,by_component,by_component_standard,S,random_forest,800,200,0.7741771304373386,0.7702983351823477,0.5685712857071425,0.49597475556789417
standard,by_component,by_component_standard,S,gbm,800,200,0.7950711956669645,0.7924351552054695,0.5926931009041929,0.4752802940306273
standard,by_component,by_component_standard,U,linear_regression,800,200,0.2618932555949491,0.28640367280766094,0.19737446768106143,1.6557708014608283
standard,by_component,by_component_standard,U,svr,800,200,0.8510018914682889,0.8504168869760466,0.6551987298709242,0.42297760637369264
standard,by_component,by_component_standard,U,random_forest,800,200,0.7399121590604595,0.730527936772591,0.5390073383461402,0.5289224461752268
standard,by_component,by_component_standard,U,gbm,800,200,0.7840531400929694,0.7902380267078225,0.592626396080088,0.48977825731179264
standard,by_component,by_component_standard,O,linear_regression,800,200,0.43226369112359786,0.43023349134926975,0.3009428627131663,1.792384096112029
standard,by_component,by_component_standard,O,svr,800,200,0.8704776913842337,0.8674797474309781,0.6806789528067053,0.5350054824728053
standard,by_component,by_component_standard,O,random_forest,800,200,0.7851211151657973,0.7777958618570079,0.5876556786180074,0.6740602639989333
standard,by_component,by_component_standard,O,gbm,800,200,0.828618222652689,0.8203052165886041,0.6318040217194544,0.6063547760471781
standard,s_only,s_only_standard,TSV,linear_regression,800,200,0.5868506175567405,0.6247568004215557,0.4463169572347132,0.7319876059166402
standard,s_only,s_only_standard,TSV,svr,800,200,0.8228221575046406,0.7787995796319914,0.5958102511490114,0.3820834193547315
standard,s_only,s_only_standard,TSV,random_forest,800,200,0.7908579327536637,0.7597021152038285,0.5755894220260142,0.40607526228131874
standard,s_only,s_only_standard,TSV,gbm,800,200,0.8233029284281577,0.7920197472547548,0.6069769776796218,0.3771025223328907
standard,s_only,s_only_standard,B,linear_regression,800,200,0.4509994207762921,0.4205484603908249,0.2871553448966873,1.2736334961144522
standard,s_only,s_only_standard,B,svr,800,200,0.7004152286643378,0.662813254680757,0.4840013921354484,0.5841331517531582
standard,s_only,s_only_standard,B,random_forest,800,200,0.6529184621838771,0.6047022575507853,0.4376372437842809,0.6229715255406248
standard,s_only,s_only_standard,B,gbm,800,200,0.7174707296983284,0.6670167065661412,0.4942821380741855,0.5688753019237857
standard,s_only,s_only_standard,SR,linear_regression,800,200,0.3284219220937037,0.3518886724733678,0.24130305591097342,1.173736592065952
standard,s_only,s_only_standard,SR,svr,800,200,0.6999876277490903,0.6995314601397962,0.5118641073511523,0.49348120716861243
standard,s_only,s_only_standard,SR,random_forest,800,200,0.6370169964816546,0.6235982992602084,0.44771771165481855,0.5351770445725407
standard,s_only,s_only_standard,SR,gbm,800,200,0.6744395230192298,0.6402623283435115,0.4587774350507381,0.5038601206665294
standard,s_only,s_only_standard,S,linear_regression,800,200,0.5040827443781403,0.533915498324232,0.37921503641029675,1.0324950038810903
standard,s_only,s_only_standard,S,svr,800,200,0.8219776647033483,0.8244954807588615,0.634504247245747,0.4538630478036372
standard,s_only,s_only_standard,S,random_forest,800,200,0.7741771304373386,0.7702983351823477,0.5685712857071425,0.49597475556789417
standard,s_only,s_only_standard,S,gbm,800,200,0.7950711956669645,0.7924351552054695,0.5926931009041929,0.4752802940306273
standard,s_only,s_only_standard,U,linear_regression,800,200,0.42181139029464926,0.44284245836639574,0.31547723274607986,1.0045638687750773
standard,s_only,s_only_standard,U,svr,800,200,0.8100065152367892,0.8074752743763505,0.6106335468012452,0.4576460823776671
standard,s_only,s_only_standard,U,random_forest,800,200,0.7399147675271822,0.730527936772591,0.5390073383461402,0.5289202666549009
standard,s_only,s_only_standard,U,gbm,800,200,0.7840531400929694,0.7902380267078225,0.592626396080088,0.48977825731179264
standard,s_only,s_only_standard,O,linear_regression,800,200,0.5084545950949021,0.5626269892145758,0.40392214138260063,1.3379206841057807
standard,s_only,s_only_standard,O,svr,800,200,0.8369446250328378,0.8343442465631269,0.6467883112914716,0.5927635475451051
standard,s_only,s_only_standard,O,random_forest,800,200,0.7851254936164368,0.7779946193601196,0.5878568100216587,0.6740676566565491
standard,s_only,s_only_standard,O,gbm,800,200,0.828618222652689,0.8203052165886041,0.6318040217194544,0.6063547760471781
